ID,Monetary,Frequence,Recency
17850.0,5391.21,34,372
13047.0,3237.54,10,32
12583.0,7281.38,15,3
13748.0,948.25,5,96
15100.0,876.0,3,334
15291.0,4668.3,15,26
14688.0,5579.1,21,8
17809.0,5411.91,12,16
15311.0,60632.75,91,1
16098.0,2005.63,7,88
18074.0,489.6,1,374
17420.0,598.83,3,50
16029.0,80850.84,63,39
16250.0,389.44,2,261
12431.0,6419.95,15,36
17511.0,91062.38,31,3
13705.0,711.86,3,8
13747.0,79.6,1,374
13408.0,28117.04,62,2
13767.0,17220.36,37,2
17924.0,2962.5,7,12
13448.0,3534.69,6,17
15862.0,832.88,4,8
15513.0,14758.220000000001,19,33
12791.0,192.60000000000002,1,374
16218.0,3084.68,7,30
14045.0,1659.75,4,109
14307.0,2995.72,6,89
17908.0,232.03,1,374
17920.0,4119.5,17,4
12838.0,671.95,2,34
13255.0,399.51,2,9
16583.0,233.45,1,374
18085.0,689.95,2,330
13758.0,3190.55,7,12
13694.0,65039.62,50,4
15983.0,1465.12,4,22
14849.0,7930.54,25,22
17968.0,265.1,1,374
16210.0,21086.3,18,2
17897.0,541.8100000000001,3,173
17377.0,4058.32,20,24
16552.0,379.73,2,243
17181.0,239.92000000000002,2,57
17951.0,1008.5400000000001,3,40
14729.0,313.49,1,374
12748.0,33053.19,210,1
15012.0,405.04,2,54
12868.0,1607.0600000000002,6,186
17572.0,226.75000000000003,4,71
14078.0,1049.37,6,102
14001.0,2043.0800000000002,3,46
12662.0,3849.78,11,1
15525.0,734.37,3,2
14237.0,161.0,1,373
17905.0,798.99,4,71
15485.0,2564.5,3,30
12433.0,13375.87,7,1
16955.0,518.67,4,185
15350.0,115.65,1,373
15605.0,1198.23,5,36
18144.0,2888.75,12,8
15922.0,369.5,1,373
14594.0,363.33,2,7
15165.0,487.75,1,373
14911.0,143711.17,201,1
16456.0,2158.18,5,99
0.0,1732777.79,1600,1
17346.0,2622.88,15,4
17643.0,101.55,1,373
17841.0,40519.84,124,2
17873.0,1848.96,5,80
13093.0,7832.47,8,276
12921.0,16587.09,37,9
13468.0,5704.97,37,2
17760.0,287.59,2,22
16928.0,2814.7,17,80
16048.0,256.44,2,373
16274.0,351.75,1,373
14496.0,538.8100000000001,2,312
14696.0,2078.95,7,4
16539.0,1388.81,4,3
17025.0,357.77,3,61
13777.0,25977.16,33,1
17690.0,4726.8,15,30
12947.0,1603.99,6,144
17460.0,622.4300000000001,6,94
18229.0,7276.900000000001,20,12
14142.0,311.81,1,373
17069.0,2709.7000000000003,9,28
13065.0,205.86,1,373
14606.0,12076.15,93,1
16835.0,180.85,2,128
15235.0,2247.51,12,218
13576.0,6717.34,18,10
18011.0,102.78999999999999,1,373
13090.0,8910.82,14,9
15694.0,6479.4,14,1
14741.0,1400.34,6,12
13715.0,1077.39,5,281
17732.0,303.97,1,373
12855.0,38.1,1,373
15752.0,2626.6,7,40
17855.0,208.97,1,373
14047.0,1308.6100000000001,5,9
17925.0,244.08,1,373
13941.0,5112.96,5,22
17017.0,8694.26,20,3
14135.0,4690.31,15,2
13108.0,350.06,1,373
15601.0,6776.56,14,11
13418.0,6127.43,18,12
15658.0,1024.1000000000001,5,190
14388.0,3212.84,8,10
14901.0,1421.29,9,11
18041.0,4097.37,21,12
15955.0,4416.26,14,24
15070.0,106.2,1,373
16244.0,1522.75,2,212
15111.0,1567.48,3,29
14390.0,4642.57,9,10
16546.0,787.15,2,291
15260.0,1810.77,7,100
13305.0,2000.86,10,4
14491.0,340.93,2,175
14060.0,6140.42,19,5
15923.0,127.08,1,373
16752.0,207.5,1,373
17287.0,1049.06,7,26
15363.0,326.0,1,373
12915.0,363.65,2,149
15544.0,3546.71,9,9
15738.0,4812.42,16,19
17381.0,20275.61,29,9
15827.0,1836.0900000000001,14,73
14180.0,4748.52,25,11
13117.0,984.91,8,22
16916.0,562.41,2,24
17964.0,463.21,2,32
14466.0,2272.4,7,29
17235.0,550.06,2,25
16510.0,248.1,1,372
17802.0,1285.04,3,82
15107.0,319.5,6,311
17976.0,321.79,1,372
14449.0,885.8,4,19
16781.0,311.25,1,372
13491.0,1215.82,10,52
16186.0,4006.94,12,23
17685.0,3155.83,7,17
17581.0,11025.24,25,1
15732.0,294.12,2,212
13138.0,962.39,6,22
15823.0,15.0,1,372
17567.0,4331.48,8,7
15061.0,54534.14,48,4
16203.0,592.9,4,59
15640.0,12416.11,15,4
15574.0,675.64,4,178
16770.0,757.1,5,58
17838.0,2720.8,5,27
17228.0,1906.09,8,16
14829.0,697.55,4,29
17412.0,1258.06,7,3
14031.0,17286.86,19,7
14775.0,1011.9,3,58
12971.0,11189.91,86,4
17659.0,2999.46,12,17
15299.0,4507.01,7,67
15646.0,447.64000000000004,3,158
13402.0,621.23,2,127
17757.0,5593.39,30,1
13011.0,50.550000000000004,1,372
13798.0,37153.85,57,1
16754.0,2002.4,1,372
16634.0,217.9,2,223
18239.0,1561.6100000000001,5,219
14576.0,35.400000000000006,1,372
13145.0,618.52,4,40
18168.0,1160.04,6,176
14395.0,3479.91,9,2
14865.0,52.2,2,7
15093.0,4597.02,6,18
12738.0,155.35,1,372
16150.0,2053.02,5,43
17552.0,930.41,4,60
14236.0,490.86,2,81
17961.0,1296.44,39,21
14573.0,1639.82,9,180
17135.0,1139.73,7,16
17396.0,7330.8,8,39
12967.0,1660.9,2,358
12686.0,89.14,1,372
13370.0,754.87,1,372
16883.0,272.48,2,187
13520.0,3624.35,6,59
12841.0,3991.58,25,5
16905.0,3037.6,7,5
12427.0,825.8,3,22
17967.0,112.27,1,372
16891.0,742.43,5,2
14589.0,39.75,1,372
14156.0,117210.08,55,10
14680.0,28754.11,16,25
17884.0,695.0699999999999,4,4
12557.0,11990.960000000001,5,16
14083.0,1002.9,9,4
13013.0,4810.9400000000005,13,1
14210.0,1905.8400000000001,6,106
16477.0,2494.46,7,64
12600.0,2599.04,10,29
16013.0,37130.6,47,4
17949.0,58510.48,45,1
12779.0,3981.36,8,38
16926.0,230.25,1,371
17787.0,1817.54,4,153
12682.0,12279.82,31,4
14723.0,1122.3600000000001,6,10
17954.0,2314.13,12,5
17819.0,3704.87,7,72
12712.0,4396.13,13,29
15373.0,2415.91,12,8
16140.0,725.18,2,66
17198.0,692.22,3,24
17238.0,3719.1,17,3
12793.0,545.48,2,335
15769.0,56252.72,26,7
14396.0,487.99,2,65
14898.0,1269.31,6,23
12725.0,427.8,1,371
16725.0,758.27,7,302
12395.0,3018.63,12,19
16455.0,1841.18,7,64
13081.0,28337.38,11,12
15545.0,288.96999999999997,2,54
17243.0,8540.05,26,1
15465.0,7354.62,18,20
13089.0,58762.08,97,3
16033.0,8778.82,20,6
13838.0,674.82,4,6
18055.0,6761.34,10,7
15038.0,685.74,6,59
18109.0,8004.92,26,2
13069.0,4431.44,24,1
16241.0,2590.31,13,10
14800.0,4331.79,12,48
15708.0,3235.25,7,41
16839.0,16594.35,34,9
16168.0,3787.6,27,11
16931.0,4554.87,21,5
16814.0,6416.7,21,14
15351.0,1934.66,7,12
13269.0,5343.28,15,1
14813.0,152.88,2,370
12567.0,9401.28,10,23
17062.0,533.33,4,314
15332.0,1661.06,4,366
14810.0,2085.33,11,41
16353.0,6675.71,23,4
18118.0,5625.08,26,11
13831.0,2198.45,6,16
13506.0,458.52,2,316
17796.0,690.0,4,40
15716.0,1101.1100000000001,4,146
18156.0,675.64,2,13
16983.0,1905.87,7,13
17059.0,3080.39,5,30
16327.0,3820.27,6,14
17211.0,2317.2200000000003,8,27
17026.0,154.82999999999998,2,185
15570.0,4148.82,12,7
15880.0,329.03000000000003,1,369
16718.0,606.0500000000001,1,369
15808.0,3651.27,4,306
17858.0,5140.66,12,6
16393.0,3040.96,13,2
14527.0,8507.13,55,3
14161.0,1097.6200000000001,3,216
17863.0,3160.0,6,59
16411.0,211.7,2,19
16402.0,293.45,2,265
15023.0,6720.41,11,3
17402.0,2633.85,13,5
15426.0,1404.07,5,19
12647.0,3722.82,12,22
15894.0,258.25,2,253
15867.0,3810.14,15,5
12472.0,6572.11,7,32
14506.0,1960.65,5,17
15555.0,4794.86,16,12
13034.0,642.77,2,55
15889.0,420.07,2,157
15953.0,1657.28,8,15
16143.0,2424.94,6,3
12720.0,5781.73,25,3
16422.0,34684.4,51,17
12747.0,4196.01,11,2
15502.0,10384.93,12,16
12763.0,494.08,2,138
14081.0,921.62,2,302
17965.0,2599.19,14,38
14404.0,1449.32,6,34
13579.0,467.04,2,15
13174.0,2742.82,3,16
15987.0,1432.77,7,12
17677.0,16345.38,30,2
13652.0,1095.08,3,46
17428.0,17256.85,28,1
16858.0,375.69000000000005,1,369
16161.0,5533.67,19,2
18219.0,2069.77,10,3
14293.0,1046.56,4,3
14748.0,1415.75,5,29
16638.0,1680.72,10,23
17674.0,551.04,2,74
12808.0,483.65000000000003,3,37
13094.0,1927.3200000000002,12,21
15899.0,56.25,1,369
12708.0,2712.91,10,30
15898.0,1383.83,5,1
14443.0,1420.2,4,54
17691.0,290.40000000000003,2,358
17227.0,939.32,6,19
15039.0,19766.59,47,10
15919.0,525.69,2,20
13497.0,348.05,2,283
15860.0,965.16,8,41
14189.0,4654.08,15,2
15304.0,694.4000000000001,8,61
14344.0,889.9300000000001,8,127
16719.0,1770.22,7,15
15048.0,381.0,4,65
15301.0,5049.95,12,51
14708.0,1126.37,3,3
16898.0,501.03,3,26
14825.0,2221.01,12,4
18113.0,76.32000000000001,1,369
17596.0,2806.69,7,23
15078.0,9743.11,32,7
14085.0,4421.29,18,2
17860.0,226.45000000000002,1,369
13155.0,971.76,4,33
15028.0,627.13,4,8
16919.0,2592.25,11,156
17259.0,581.23,2,148
17019.0,1258.08,4,11
16722.0,4730.81,13,17
15882.0,516.36,4,199
14667.0,9175.04,25,11
16710.0,2467.99,10,19
15984.0,2780.63,10,3
14487.0,1165.48,6,27
17682.0,2474.33,6,10
16658.0,123.24,1,368
16550.0,2298.97,5,109
17068.0,4552.14,21,12
15356.0,2718.03,10,31
17223.0,416.89,2,310
16817.0,1604.75,9,3
13030.0,752.4399999999999,2,11
17191.0,2093.68,7,28
15194.0,7616.53,15,3
14409.0,2059.4500000000003,6,71
16654.0,601.27,4,141
13495.0,2044.8700000000001,5,8
17519.0,1844.02,6,17
17218.0,1951.97,10,4
17812.0,699.81,4,13
14215.0,1789.72,6,12
15602.0,1297.8700000000001,9,8
17320.0,1200.6200000000001,3,100
12913.0,2483.63,5,5
17869.0,428.18,5,107
13564.0,1724.67,3,144
13963.0,664.54,4,308
17450.0,194390.79,46,8
17091.0,3827.76,9,3
17470.0,1125.07,5,45
17616.0,571.1999999999999,3,174
15649.0,816.0,2,336
12681.0,13787.54,22,15
14907.0,3501.1,7,3
17735.0,13110.02,19,2
16059.0,1453.16,6,66
17720.0,1195.94,4,26
15018.0,496.21000000000004,3,39
15838.0,33643.08,19,11
14733.0,9585.91,12,16
13756.0,5189.52,14,2
14176.0,576.9000000000001,4,297
15353.0,770.12,2,255
18119.0,180.7,1,368
17491.0,3558.87,10,1
14282.0,3701.44,15,3
13569.0,338.62,2,17
14673.0,1736.4,5,3
13488.0,8968.31,13,17
16221.0,860.86,3,37
15002.0,1641.76,4,116
15965.0,808.87,4,17
15024.0,1636.43,10,10
17675.0,20374.28,31,1
13769.0,2796.51,10,2
16904.0,3653.75,16,4
16086.0,1121.39,5,59
13786.0,230.39999999999998,1,367
13880.0,3219.77,13,21
13173.0,353.65,2,4
15858.0,1427.57,5,16
15180.0,87.5,1,367
12347.0,4310.0,7,2
14739.0,3902.28,7,4
16293.0,2248.9900000000002,10,22
17419.0,4226.57,12,11
16775.0,1691.51,11,10
16306.0,632.27,6,214
16950.0,1178.56,3,57
17591.0,2203.67,7,73
12839.0,5591.42,14,3
13807.0,112.6,1,367
16125.0,289.35,1,367
15081.0,504.8,5,22
18102.0,259657.3,60,1
16365.0,1540.42,9,18
17870.0,1865.89,12,2
14821.0,48.800000000000004,1,367
16863.0,502.8,2,31
13078.0,12627.94,26,3
13267.0,4521.49,19,3
13050.0,5836.86,17,15
12709.0,9706.52,15,15
15628.0,2870.2400000000002,9,5
12386.0,401.9,2,338
16779.0,10611.720000000001,22,2
13599.0,5149.92,21,1
13329.0,789.0,2,32
18077.0,2584.41,11,8
14744.0,1099.98,7,16
17406.0,2184.42,3,333
15750.0,2463.05,8,3
13983.0,2603.43,12,30
13842.0,3385.62,9,59
14796.0,7975.49,17,1
12441.0,173.55,1,367
13199.0,9817.12,38,4
14032.0,2975.59,11,2
17706.0,10504.49,17,4
16081.0,2799.42,5,56
16525.0,13027.45,26,2
17975.0,4483.26,13,15
16122.0,684.4200000000001,4,73
13126.0,2099.64,8,5
15973.0,307.82000000000005,1,367
16558.0,8338.49,20,1
16893.0,145.93,1,367
15021.0,1871.77,9,9
15529.0,3962.6,11,23
15498.0,13316.4,27,3
18043.0,529.29,3,25
16016.0,1465.51,8,3
17722.0,2424.04,4,96
17324.0,986.48,4,18
17341.0,682.29,3,157
14051.0,15610.390000000001,23,1
16233.0,536.6800000000001,3,71
16385.0,554.86,3,60
15032.0,4959.1,3,256
16713.0,6910.78,15,19
17213.0,2781.23,7,40
18061.0,2119.41,10,22
15916.0,1502.8600000000001,8,16
15221.0,403.25,1,366
13455.0,1058.34,2,25
13113.0,12245.960000000001,24,1
14217.0,2004.98,17,2
17262.0,1253.3600000000001,5,52
18259.0,2338.6000000000004,3,25
17676.0,1371.18,6,4
16679.0,129.75,1,366
18269.0,168.6,1,366
12766.0,6989.63,7,4
15298.0,4799.9,12,2
13523.0,3964.88,5,33
15005.0,6295.37,28,16
15581.0,3675.77,13,121
15680.0,1333.68,3,9
13649.0,346.6,2,257
17894.0,1118.96,8,72
13270.0,590.0,1,366
14866.0,14389.9,12,11
13077.0,728.02,4,1
13531.0,483.8,2,205
13848.0,1255.0,3,92
13140.0,422.47,3,108
15713.0,356.7,2,143
17999.0,380.39,2,37
15347.0,201.60000000000002,1,366
14766.0,2473.37,6,8
17340.0,12353.29,11,30
13984.0,920.51,5,27
15996.0,1032.58,6,88
14030.0,2358.84,8,18
16596.0,250.15,2,16
16700.0,5076.55,13,9
16011.0,3352.96,16,8
17655.0,2638.94,7,11
16717.0,3843.08,6,24
14243.0,2588.77,10,9
12963.0,1856.63,8,8
15079.0,895.61,4,213
14437.0,63.0,1,366
12942.0,675.6,3,131
15660.0,1600.86,9,25
18092.0,9068.26,11,2
15358.0,8347.2,22,5
13319.0,10845.550000000001,26,5
12481.0,5579.82,10,23
12621.0,13689.67,20,2
14299.0,3965.62,9,8
18071.0,453.0,2,258
12683.0,8476.57,15,4
12755.0,3811.95,2,281
13854.0,8109.5199999999995,25,9
12797.0,254.03,1,366
16782.0,2267.9500000000003,13,10
13369.0,308.28000000000003,1,366
12494.0,1246.1000000000001,7,16
17857.0,26879.04,23,4
14932.0,363.53,1,366
12429.0,3750.4,4,9
14987.0,326.4,2,16
14355.0,174.4,1,366
17526.0,1195.8999999999999,4,5
14896.0,468.77000000000004,2,205
14440.0,2357.6800000000003,5,8
13240.0,663.65,4,96
14479.0,316.25,2,254
16065.0,367.14,1,365
17430.0,265.76,2,33
16520.0,1046.57,3,186
15945.0,181.0,1,365
15856.0,16143.64,27,4
13102.0,6424.09,24,1
15271.0,2493.34,15,7
13982.0,1871.81,4,39
15288.0,2306.52,5,43
17978.0,300.91999999999996,1,365
16795.0,414.88,1,365
16519.0,215.07999999999998,2,25
17816.0,36.56,4,37
16255.0,2619.91,8,17
17671.0,1572.71,4,16
17646.0,1008.39,3,219
12872.0,599.97,2,327
17339.0,243.36,2,94
17097.0,954.42,8,2
15192.0,1044.32,3,120
15380.0,1690.2600000000002,5,9
17950.0,482.2,3,72
12826.0,1474.72,7,3
17456.0,249.86,1,365
15811.0,2218.62,6,22
13327.0,3627.77,8,39
18225.0,5504.96,12,3
15211.0,894.4100000000001,2,60
15596.0,1406.59,5,101
16163.0,856.6,2,232
16907.0,928.76,5,29
17576.0,3564.83,19,8
14713.0,2662.2,11,9
14702.0,3251.79,17,1
13230.0,2755.63,14,4
13969.0,9024.17,18,7
17530.0,2367.12,10,1
15805.0,5488.18,17,23
12471.0,19788.65,30,2
17696.0,2285.71,8,38
17076.0,841.0799999999999,3,36
17827.0,1987.33,5,5
16265.0,5447.0,9,9
17880.0,458.92,1,365
13000.0,534.85,3,107
16499.0,365.45,2,360
17790.0,1964.3,14,27
12731.0,18895.91,12,24
14419.0,1051.79,6,11
14082.0,182.25,1,365
17912.0,310.06,5,310
15723.0,190.7,1,365
16656.0,8625.8,15,22
14037.0,147.20000000000002,2,176
14256.0,969.0600000000001,2,260
14543.0,3599.73,16,29
16062.0,1153.62,4,10
18116.0,1403.1100000000001,8,68
16019.0,3786.2400000000002,9,47
18178.0,1590.81,4,129
18065.0,2392.83,14,6
14952.0,8099.49,11,60
13148.0,3683.26,12,29
12989.0,6924.110000000001,15,3
14107.0,2703.23,7,52
15881.0,501.39000000000004,5,312
12785.0,311.95,1,364
16727.0,256.32,1,364
15514.0,4023.7200000000003,11,12
13787.0,309.04,2,76
17865.0,10526.32,20,31
17220.0,3187.55,14,24
16565.0,173.7,1,364
16873.0,7123.62,6,5
14062.0,10464.85,12,10
18016.0,1477.66,5,32
14448.0,375.35,2,9
15503.0,141.04,1,363
17251.0,269.83,1,363
16923.0,7069.08,19,12
14159.0,4630.35,11,20
14577.0,859.71,4,13
17126.0,989.45,5,152
12753.0,21429.39,6,23
17236.0,916.13,6,13
17372.0,1337.18,8,41
16367.0,800.67,2,37
12875.0,343.2300000000001,2,143
17917.0,335.03,3,45
16010.0,392.4,3,246
17085.0,1562.4,5,123
15224.0,322.08,2,358
13668.0,6309.83,21,3
14684.0,1201.51,5,26
17188.0,2474.23,7,11
15547.0,4910.6,14,7
15998.0,3080.22,5,37
14413.0,121.05,1,362
18004.0,157.92,1,362
13959.0,594.04,3,79
16665.0,135.39999999999998,1,362
15454.0,179.1,1,362
15044.0,7634.7300000000005,17,19
17937.0,4301.22,7,9
14608.0,1785.15,4,4
17618.0,930.28,3,6
14505.0,5859.43,8,17
18037.0,70.02,6,154
13198.0,3401.2400000000002,6,10
12540.0,13400.24,17,20
13225.0,6463.84,7,3
15361.0,418.92,1,362
15689.0,254.1,2,120
14290.0,2314.65,5,11
13209.0,5891.61,8,30
13999.0,3901.81,12,10
14498.0,1957.32,5,43
15854.0,2969.12,12,4
16701.0,5398.3,13,9
16927.0,543.05,3,116
17990.0,630.84,3,237
14544.0,2004.3,2,24
17338.0,6493.54,8,17
17799.0,3039.17,10,22
14565.0,3099.12,4,96
16726.0,1358.74,5,26
17303.0,250.04,1,361
14639.0,2984.49,6,52
17611.0,3961.12,15,7
17231.0,3124.72,10,12
17179.0,711.79,3,178
17524.0,145.0,1,361
12476.0,6816.42,11,16
17293.0,1854.06,9,8
17890.0,586.89,2,323
17375.0,400.1,3,199
17371.0,418.4,3,17
17969.0,228.2,2,166
14625.0,899.63,2,196
15159.0,18641.010000000002,30,2
13211.0,1095.42,3,10
15777.0,1047.11,4,241
14525.0,4215.9,9,20
13324.0,7121.95,10,36
13948.0,102.0,1,361
16202.0,365.27,1,361
16442.0,609.3,3,2
18075.0,2611.75,10,23
14524.0,1843.83,9,32
14961.0,7044.68,9,11
17041.0,1071.49,3,27
16458.0,3482.7400000000002,18,3
16083.0,1317.62,2,101
17194.0,262.62,2,274
14057.0,6211.66,17,24
14871.0,501.28000000000003,4,3
13178.0,5725.47,11,26
18044.0,2088.6,10,4
16812.0,479.35,1,361
16191.0,5180.52,13,3
12370.0,3541.94,4,51
14298.0,51527.3,44,8
17158.0,1266.97,3,32
16899.0,1271.06,6,8
16531.0,1244.59,7,22
17404.0,31906.82,15,4
14415.0,5855.57,13,1
16556.0,3313.79,7,67
16805.0,460.59,2,174
16503.0,1431.93,4,107
16553.0,5719.82,12,163
17739.0,2791.35,7,12
13238.0,700.73,4,17
12829.0,293.0,2,337
13097.0,6003.22,10,33
15392.0,1535.53,4,5
13846.0,865.0600000000001,3,25
12867.0,4009.34,7,26
14401.0,4051.48,13,4
16145.0,3799.4900000000002,11,9
17629.0,1814.12,8,6
14150.0,658.64,2,36
13496.0,653.33,2,11
13611.0,1154.4,3,89
16954.0,2085.08,9,1
17454.0,517.53,4,192
17449.0,2519.21,7,2
13295.0,201.20000000000002,1,360
17230.0,3638.41,8,264
15384.0,642.41,2,170
15950.0,1744.71,4,32
15512.0,121.0,2,156
17525.0,422.70000000000005,1,360
13458.0,9646.57,14,7
16003.0,2735.37,5,30
13092.0,477.83,5,71
13426.0,3641.32,10,1
15101.0,317.53,2,9
17033.0,1030.14,3,86
13221.0,847.41,2,240
14201.0,747.44,7,60
17692.0,740.9399999999999,4,127
15822.0,885.47,2,3
16134.0,618.09,2,22
17551.0,290.34,1,359
18050.0,74.4,1,359
14913.0,1227.43,4,36
15641.0,1887.2,4,105
13124.0,3756.33,3,90
17214.0,1059.1200000000001,6,60
15456.0,434.59000000000003,3,283
15062.0,987.86,4,71
12928.0,2062.7000000000003,5,35
15727.0,5159.06,7,17
17980.0,811.45,3,166
15290.0,7943.22,18,5
17752.0,80.64,1,359
15615.0,10399.74,23,10
12577.0,626.6,3,35
17189.0,383.75,2,106
17496.0,271.05,1,359
16607.0,3347.71,14,18
13317.0,2273.68,6,66
13890.0,1883.8100000000002,10,1
17001.0,3989.57,11,1
15246.0,514.15,2,238
15482.0,10879.76,12,16
13021.0,2616.38,9,4
16037.0,855.02,3,270
14841.0,3295.76,6,53
16670.0,4095.9,11,17
16985.0,5464.12,10,17
16705.0,14034.99,20,1
14414.0,1496.98,7,92
15563.0,1400.44,4,22
12980.0,7374.900000000001,9,158
16746.0,6680.11,18,5
16470.0,752.77,4,52
14878.0,1476.09,9,13
16743.0,2213.13,7,29
17146.0,749.78,3,106
12877.0,1535.77,12,4
15394.0,2183.54,4,10
14621.0,1788.3600000000001,5,1
15379.0,3703.29,7,169
14309.0,2352.53,9,8
17288.0,1417.63,7,9
14709.0,4921.04,13,15
15157.0,1936.07,3,4
17744.0,2322.4,6,4
16316.0,2938.91,8,64
15620.0,1553.18,3,57
15789.0,351.3,1,358
16560.0,841.41,2,27
13534.0,5870.08,25,2
17580.0,215.72,3,253
15759.0,253.04,3,218
14373.0,76.55,1,358
18176.0,476.35,1,358
14092.0,4076.91,14,8
15366.0,602.51,2,75
14735.0,6065.69,32,4
16271.0,1404.64,5,3
18223.0,6484.54,14,5
15532.0,1564.73,4,25
16816.0,417.06,4,103
16684.0,66653.56,28,4
14334.0,2552.21,8,17
16945.0,4345.5,19,22
14643.0,693.8100000000001,2,170
15197.0,1079.6100000000001,3,11
14220.0,632.4,2,247
13874.0,540.45,1,358
18260.0,2628.35,6,173
17848.0,901.1999999999999,9,81
17392.0,417.27,2,307
12348.0,1797.24,4,75
14985.0,292.01,2,198
13004.0,5655.91,18,12
14560.0,2237.77,22,7
12931.0,42055.96,15,22
13627.0,1638.47,5,59
12551.0,168.0,1,358
12782.0,2330.92,5,5
14769.0,10416.98,8,3
15780.0,475.28000000000003,3,184
12417.0,3649.1,9,3
17315.0,6281.23,38,2
16711.0,1651.03,5,3
12726.0,2609.1,7,28
15204.0,316.58,1,357
17888.0,716.0,8,21
17007.0,889.9300000000001,6,51
15160.0,158.16,1,357
14016.0,4341.21,4,162
13033.0,190.55,1,357
12691.0,1035.8,6,28
13869.0,3083.65,4,123
14146.0,4191.0,5,9
12705.0,6868.29,9,15
16885.0,450.41,3,15
17913.0,408.65,2,59
12668.0,3807.15,4,12
14472.0,1852.67,8,104
17358.0,360.81,2,303
16686.0,2959.88,7,47
18245.0,2567.06,7,7
17343.0,193.64,1,355
16153.0,1824.23,5,50
12377.0,1628.12,2,315
14646.0,280206.02,74,2
12944.0,604.51,2,36
15279.0,290.51,1,355
14099.0,3104.17,11,16
12721.0,2656.13,6,32
13104.0,1098.48,6,3
14113.0,1840.42,4,4
13027.0,6912.0,6,114
15312.0,924.85,4,75
17621.0,1379.9,3,21
17090.0,1974.65,7,4
15527.0,2428.53,8,19
18097.0,2662.4,6,8
15460.0,214.26,1,354
15034.0,4274.16,8,16
12423.0,1859.31,8,1
12678.0,17628.46,12,42
15208.0,870.12,5,1
16996.0,1456.96,6,30
17306.0,8631.31,19,11
14737.0,1164.55,3,4
13029.0,1247.5,3,31
16270.0,1141.24,1,353
13487.0,575.4,3,58
12515.0,383.7,1,353
17400.0,2097.84,5,126
17593.0,3923.86,5,4
13953.0,3515.68,7,7
14533.0,1949.72,7,25
12734.0,110.39999999999999,1,353
14532.0,932.85,4,236
12383.0,1850.56,5,185
15562.0,134.55,1,352
15587.0,913.6800000000001,4,50
13922.0,172.25,1,352
13817.0,382.98,2,29
12585.0,2040.1,2,234
13165.0,1021.48,2,46
13304.0,300.42,1,351
13313.0,1555.32,5,22
16875.0,2095.53,5,67
16282.0,168.3,1,340
12957.0,4017.54,8,10
14462.0,1980.57,11,66
13397.0,1544.13,5,73
13680.0,3719.12,4,1
12483.0,2484.98,8,17
15164.0,824.58,3,69
17457.0,1737.7,5,127
14732.0,2702.4900000000002,8,8
14221.0,3432.8,9,42
14553.0,859.27,5,19
13253.0,1030.4,2,157
15841.0,1224.06,4,73
16112.0,195.73999999999998,4,143
13629.0,7792.36,11,23
16600.0,813.52,6,4
15661.0,309.8,2,317
16532.0,6748.8,3,18
15266.0,119.3,1,338
14653.0,1926.65,7,1
16771.0,2242.61,5,33
17585.0,1116.68,4,109
15046.0,5090.42,15,9
13082.0,3613.63,9,126
15464.0,1044.65,1,338
18226.0,5228.05,11,44
18062.0,720.52,3,173
12415.0,124914.53,21,24
17368.0,1878.87,8,23
14618.0,553.44,3,9
14258.0,12669.98,9,9
15719.0,5030.07,13,33
13368.0,623.4,2,257
17634.0,2358.59,9,36
16676.0,1592.1200000000001,4,34
18283.0,2045.53,16,4
12735.0,779.5699999999999,2,315
13764.0,1519.42,3,71
13656.0,379.65,2,165
12413.0,758.1,3,67
14312.0,1611.59,6,47
13280.0,798.46,3,122
15845.0,3711.77,8,18
13187.0,236.02,1,337
16567.0,865.6,2,194
14828.0,2139.76,3,197
12530.0,1662.28,4,60
16551.0,922.12,3,96
16889.0,1578.67,3,195
16473.0,316.11,3,165
13750.0,1647.26,5,54
12501.0,2169.39,1,337
15607.0,104.76,1,337
15139.0,178.96,2,240
12489.0,334.93,1,336
17707.0,152.4,2,185
18198.0,5425.56,17,4
12484.0,4527.32,6,33
18179.0,1793.17,6,9
17284.0,1647.48,6,60
13233.0,605.12,2,74
14889.0,135.9,1,336
12480.0,3281.63,4,28
14672.0,765.55,2,235
13593.0,2011.88,5,108
14867.0,710.28,3,186
13162.0,1688.29,4,122
13183.0,3957.78,9,8
17095.0,1324.16,3,23
12939.0,11581.8,8,64
15611.0,1591.45,13,10
17114.0,801.12,8,6
15059.0,1337.72,9,41
16326.0,3039.2200000000003,14,6
17128.0,157.09,1,335
14761.0,255.9,2,59
17555.0,480.31,2,20
12651.0,114.0,1,335
16735.0,2247.41,5,79
16833.0,1106.53,4,1
17800.0,1187.21,9,37
16748.0,1515.9,5,18
14755.0,5010.28,11,10
16549.0,4034.9,10,10
13565.0,240.22,2,19
15799.0,884.14,3,76
18032.0,73.5,1,334
13451.0,2898.2599999999998,5,26
14794.0,1319.91,7,3
12539.0,5568.35,4,22
16350.0,1116.47,4,21
12500.0,4257.82,11,23
18171.0,1231.31,5,59
12524.0,4485.72,8,9
17811.0,7761.82,39,4
16850.0,332.41,1,334
14321.0,1530.75,5,11
15326.0,311.71,1,334
17849.0,605.8000000000001,4,218
14229.0,1547.2,3,52
13107.0,1531.6200000000001,4,44
16497.0,2965.69,6,50
16303.0,5360.63,3,26
15281.0,2332.15,9,59
12736.0,234.0,1,333
13473.0,422.64,2,61
14320.0,477.79,2,207
12393.0,1582.6000000000001,4,72
17742.0,355.11,2,113
16351.0,153.9,1,333
12601.0,577.0600000000001,5,190
13144.0,110.95,1,333
15346.0,252.42000000000002,1,333
15370.0,2386.05,7,41
12643.0,3344.64,6,128
16034.0,437.7,3,196
17365.0,4767.36,8,13
15189.0,16225.39,41,1
14669.0,1259.24,3,242
18095.0,580.0500000000001,2,313
15749.0,44534.3,3,235
15518.0,1921.55,8,64
14209.0,2073.43,6,11
16042.0,1177.47,5,22
15569.0,1375.71,5,104
12728.0,836.33,4,71
13672.0,186.39000000000001,2,301
17569.0,344.14,1,332
13784.0,2462.79,11,10
12724.0,1031.41,4,5
13862.0,2209.36,8,18
16791.0,1705.78,7,29
16235.0,867.31,5,41
14270.0,492.65000000000003,1,332
12523.0,1789.77,11,19
16655.0,3789.52,6,18
16359.0,1750.92,9,7
16554.0,837.1,3,42
12359.0,6310.03,4,58
15939.0,6115.01,15,90
14587.0,1580.29,9,19
14715.0,867.38,4,25
14185.0,197.65,1,331
12437.0,4951.41,18,2
14040.0,3560.32,12,41
12652.0,919.98,1,331
14514.0,990.2,3,61
15171.0,1289.5,1,331
14167.0,562.59,4,39
17389.0,31833.68,34,1
17048.0,925.35,3,118
17364.0,4462.68,11,1
13284.0,201.19,1,331
16500.0,400.86,6,5
12951.0,1064.07,6,9
15835.0,954.09,4,44
18190.0,284.46000000000004,2,192
13993.0,3466.36,9,43
14114.0,386.53,2,274
15447.0,155.17,1,331
16315.0,226.37,1,331
14978.0,1921.3700000000001,5,72
16395.0,1482.06,5,61
15510.0,250.0,1,331
13614.0,1585.46,4,24
13246.0,1961.52,6,18
15687.0,2993.1,9,9
12578.0,2794.51,2,21
16493.0,1351.63,4,80
12490.0,5417.93,10,5
12672.0,225.89999999999998,1,330
13385.0,534.57,1,330
12474.0,7324.09,18,17
15626.0,675.8,2,75
12553.0,3692.28,10,8
15213.0,328.35,2,319
14175.0,3222.3,3,60
18106.0,421.9,1,330
15033.0,2557.18,10,5
14329.0,4975.24,7,17
16401.0,4098.32,12,1
16206.0,537.0600000000001,4,55
13782.0,908.86,6,13
12924.0,933.7,4,88
16593.0,330.03,3,51
15535.0,502.9,4,173
13700.0,2248.63,10,26
13064.0,1105.59,4,13
13048.0,1819.41,4,14
13634.0,1547.3600000000001,5,33
18069.0,2009.24,5,26
16843.0,10196.57,16,43
17064.0,855.45,3,59
17609.0,1105.78,5,41
15673.0,2726.23,4,88
12626.0,6620.48,9,23
14976.0,790.86,7,57
12388.0,2780.66,6,16
13527.0,2242.36,7,34
15696.0,2711.11,8,33
15316.0,165.0,1,327
12673.0,610.52,2,5
15296.0,3672.86,6,51
17988.0,201.12,7,12
12820.0,942.34,4,3
13001.0,9785.970000000001,13,4
14101.0,5976.79,6,74
14238.0,146.85,1,326
17730.0,5298.4800000000005,13,3
13929.0,842.65,2,169
14657.0,848.22,4,18
13859.0,201.16,1,326
18212.0,216.07,1,326
18233.0,440.0,1,326
17018.0,920.1,2,41
14242.0,280.55,2,235
12356.0,2811.43,3,23
12346.0,77183.6,1,326
13898.0,155.93,1,326
16948.0,435.02,3,139
16997.0,702.0,3,288
12527.0,348.71000000000004,3,82
15395.0,107.45,1,326
12510.0,982.5699999999999,2,143
13263.0,7436.93,35,1
14428.0,1224.06,5,7
12665.0,63.0,1,325
12451.0,9035.52,5,11
12422.0,803.5600000000001,3,96
17708.0,263.33,2,188
14090.0,76.32000000000001,1,325
15606.0,2920.16,9,61
13310.0,1132.03,3,28
15831.0,794.64,3,58
14916.0,1268.98,4,71
17602.0,5054.42,6,2
14572.0,2804.54,7,3
13502.0,292.0,3,17
14784.0,289.99,2,26
15938.0,404.58,5,112
12637.0,6002.9,8,67
17418.0,463.46000000000004,2,42
14779.0,386.15,3,281
16321.0,373.65000000000003,5,72
15262.0,178.95000000000002,1,324
17862.0,330.9,1,324
12402.0,225.6,1,323
17771.0,245.81,2,57
15422.0,97.7,2,323
13008.0,229.46999999999997,1,323
14770.0,876.42,2,232
16912.0,2555.58,11,29
15174.0,135.75,1,323
12594.0,3338.2200000000003,10,38
17504.0,2997.0299999999997,9,206
16387.0,94.36,1,323
12664.0,4881.88,9,8
16618.0,2647.59,5,31
17277.0,1065.3500000000001,2,228
14088.0,50491.81,13,10
17094.0,302.0,1,322
14692.0,591.55,4,137
12970.0,405.47,4,7
17889.0,201.37,2,212
17714.0,153.0,1,321
12916.0,2944.95,4,139
17769.0,3957.43,10,13
14450.0,483.25,3,181
16085.0,981.51,5,23
13659.0,1563.0,2,206
15167.0,158.8,1,321
15443.0,3213.59,7,2
14224.0,1009.73,4,110
13742.0,3107.87,12,17
17673.0,1594.97,6,2
12727.0,3980.7,7,11
14068.0,265.85,1,320
13068.0,344.0,2,10
14368.0,155.0,1,320
15497.0,1262.2,2,18
12559.0,561.71,2,311
13819.0,1140.35,3,302
14501.0,251.21,2,184
14782.0,200.10000000000002,1,320
17861.0,2097.88,8,3
14439.0,2661.24,1,320
18161.0,1618.69,5,15
15820.0,206.98,1,320
18136.0,784.33,3,63
16660.0,1267.6499999999999,4,16
12693.0,855.91,4,127
12625.0,2683.82,2,212
13396.0,1360.99,2,29
15179.0,2206.95,5,18
12935.0,2160.7,7,2
16730.0,743.11,3,52
14541.0,1453.35,8,59
13551.0,91.80000000000001,1,319
12421.0,807.04,4,16
15797.0,2207.4,4,113
15052.0,207.73000000000002,1,319
14130.0,480.91,1,319
15222.0,585.0,1,319
13615.0,417.69,1,319
13901.0,2867.2,5,72
13158.0,1201.06,4,95
14257.0,3099.7200000000003,5,64
15218.0,5756.89,11,11
15110.0,996.1,4,24
15967.0,397.68,2,23
16757.0,106.83000000000001,1,319
13815.0,4027.36,4,22
18008.0,2116.19,9,70
14534.0,4397.3,18,3
13703.0,99.5,1,318
15339.0,574.07,2,66
12744.0,21279.29,7,52
12854.0,1316.25,3,79
16222.0,773.5500000000001,1,318
14341.0,2166.98,8,45
13168.0,1299.59,4,36
16943.0,816.73,3,212
17515.0,639.02,4,31
17082.0,2003.85,2,33
14248.0,302.58,1,318
12609.0,1126.85,3,78
13002.0,120.94999999999999,1,318
16133.0,14589.04,33,4
13049.0,656.6800000000001,2,64
14548.0,652.8,2,151
13405.0,572.451,3,74
16043.0,773.99,4,38
14049.0,5578.72,4,17
15812.0,1801.14,5,107
13837.0,266.59000000000003,2,212
17118.0,157.02,1,318
14616.0,406.08000000000004,3,243
14233.0,1462.72,4,49
17075.0,834.12,4,18
16714.0,1129.06,3,219
13098.0,28882.44,28,1
17027.0,877.5600000000001,6,79
12591.0,452.84999999999997,1,317
17786.0,266.85,2,85
16124.0,249.0,1,317
16409.0,2022.98,5,36
13754.0,282.59999999999997,2,152
15227.0,1219.4,5,37
12997.0,1226.89,4,22
16918.0,1068.82,6,50
16882.0,705.12,3,67
14442.0,1589.82,2,205
16496.0,1599.52,3,9
12764.0,1693.88,1,317
17311.0,1384.85,2,78
15910.0,1228.88,8,1
16949.0,1286.27,6,4
14970.0,1592.06,4,68
14701.0,2526.09,9,11
12645.0,1775.18,4,34
12468.0,729.5400000000001,2,188
16767.0,5575.56,11,31
14738.0,1314.45,7,43
17540.0,578.9,2,25
14239.0,2380.85,11,43
18125.0,1131.75,4,30
13328.0,1308.48,1,316
15549.0,1681.46,3,77
15864.0,1936.3200000000002,6,22
14662.0,741.37,4,29
17180.0,783.97,4,56
15057.0,1489.5,2,275
12574.0,218.45,1,316
13330.0,1140.93,3,93
13552.0,3740.07,12,66
12853.0,1957.1000000000001,6,135
13538.0,1280.85,7,43
16755.0,1475.43,3,114
14133.0,605.64,3,130
16523.0,9418.470000000001,21,2
14659.0,2529.93,9,9
13141.0,2388.75,5,85
15365.0,2314.32,7,26
13707.0,806.41,2,267
13709.0,6307.650000000001,13,4
17329.0,523.11,2,14
14805.0,546.4,4,15
16897.0,289.78,2,299
15579.0,327.6,2,69
14595.0,1740.6,6,20
13161.0,112.75,1,313
15415.0,559.61,1,313
17431.0,403.3,1,313
17463.0,1875.86,5,16
14502.0,2429.83,11,20
12528.0,1933.48,6,9
17239.0,382.5,1,313
14426.0,4481.67,10,24
15448.0,494.64,1,313
17314.0,2527.92,8,25
17373.0,646.92,4,40
18145.0,2861.55,4,13
14467.0,596.26,4,18
12908.0,750.0,2,176
15144.0,6580.44,17,8
14776.0,2538.3,11,51
16403.0,177.5,1,312
16407.0,2079.68,10,13
17619.0,214.37,1,312
12778.0,822.23,6,20
17256.0,240.0,2,107
17604.0,309.36,2,217
14006.0,962.19,3,116
13600.0,219.52,1,312
15058.0,2102.54,11,25
15240.0,1706.57,5,45
17147.0,1714.59,4,23
13881.0,17159.52,20,4
16570.0,3738.4,10,15
16612.0,1187.66,4,33
17356.0,178.22,1,312
12836.0,2610.36,4,59
14850.0,325.75,1,312
13939.0,568.55,3,23
16745.0,7180.7,17,87
13606.0,276.75,3,29
13494.0,316.26000000000005,1,312
13802.0,4599.42,3,139
12929.0,117.85,1,312
16419.0,958.71,6,113
17035.0,433.53000000000003,2,246
15203.0,1827.8,6,26
16515.0,1624.14,5,52
12373.0,364.6,1,311
18202.0,1396.99,3,200
12775.0,1386.04,5,17
14549.0,289.24,1,311
15981.0,3408.48,8,25
16110.0,1320.95,3,45
17376.0,203.2,2,71
13110.0,1488.67,7,31
16716.0,901.2,2,267
12676.0,1331.39,6,25
15940.0,35.8,1,311
15971.0,4199.85,12,18
14665.0,1835.7,5,61
14457.0,113.64,1,311
15589.0,478.53000000000003,3,256
14411.0,1063.0,1,311
17560.0,854.95,5,95
15226.0,154.41,1,311
14460.0,434.34,3,110
16156.0,3092.04,9,9
13728.0,1016.14,6,37
14127.0,709.71,3,123
16378.0,362.95,3,247
13894.0,564.62,3,24
13824.0,1698.94,5,33
18250.0,349.27,1,310
15270.0,2379.49,7,16
14188.0,2054.36,6,31
18017.0,523.0,3,81
15421.0,950.36,4,59
17446.0,120.9,2,177
12414.0,562.41,3,217
14798.0,173.74,3,53
12990.0,409.5,3,31
12350.0,334.4,1,310
17337.0,1981.06,4,151
16405.0,167.25,2,302
17071.0,2429.03,9,28
13873.0,389.6,3,120
17362.0,312.23,2,239
13394.0,2520.02,8,2
12502.0,3723.87,5,96
16333.0,26626.8,22,8
16030.0,331.24,1,310
14044.0,646.42,4,27
13800.0,558.32,1,310
17672.0,3178.17,2,50
12464.0,1212.05,8,10
13581.0,118.0,1,309
14540.0,952.66,3,10
13539.0,631.34,3,86
15885.0,379.35,3,93
14497.0,475.37,1,309
17507.0,605.58,2,262
13208.0,1217.65,6,59
17334.0,307.02,2,302
13871.0,6403.25,13,23
16938.0,2711.6800000000003,4,9
12754.0,3010.74,3,236
12410.0,693.3299999999999,2,309
17929.0,843.0,4,11
14778.0,730.86,2,127
17517.0,153.94,1,309
17226.0,393.49,1,309
13137.0,3603.29,8,11
13725.0,1980.56,8,50
13309.0,1456.79,5,7
12842.0,1118.99,2,70
16109.0,611.88,2,219
17291.0,550.8000000000001,1,308
15090.0,381.32,1,308
15199.0,1268.7,4,59
13911.0,2580.91,9,57
14194.0,11349.52,21,5
14842.0,2824.69,4,44
13584.0,142.4,1,307
17105.0,665.78,2,159
14438.0,131.9,1,306
12956.0,108.07,1,306
15781.0,345.46,3,25
14410.0,1100.27,9,92
14600.0,393.33000000000004,1,306
17302.0,1135.63,5,15
17613.0,4544.55,14,23
13334.0,3502.32,3,82
13955.0,322.96,2,154
17162.0,1715.46,10,29
17774.0,1213.73,4,97
13809.0,155.05,1,305
15407.0,1046.74,4,34
15577.0,258.88,3,151
16332.0,1582.8,7,28
14048.0,409.93,1,305
14475.0,925.85,3,72
17859.0,141.92000000000002,1,305
12576.0,1315.83,5,36
15753.0,79.2,1,305
12599.0,1032.58,7,29
14562.0,5006.77,18,4
16951.0,1277.75,3,135
16998.0,295.0,4,150
13133.0,109.8,2,274
17881.0,133.35000000000002,1,304
15843.0,118.95000000000002,1,304
17083.0,1405.78,3,109
15970.0,314.1,1,304
13590.0,1981.92,6,11
17537.0,887.67,2,30
12401.0,84.3,1,303
12462.0,1189.59,2,19
17843.0,205.48,1,303
13706.0,330.79,1,303
17940.0,4020.04,10,49
17686.0,5739.46,7,7
14431.0,470.36,1,303
15809.0,515.77,5,36
12561.0,238.85,1,303
14465.0,1038.44,3,247
18093.0,2106.52,4,93
16027.0,934.62,6,92
12857.0,1106.4,2,211
18230.0,2810.2000000000003,7,9
16425.0,302.7,1,302
16842.0,1264.19,3,101
15796.0,2708.61,8,1
14555.0,312.54,2,57
15114.0,2760.56,10,30
15133.0,982.42,3,128
17705.0,1823.52,9,3
12897.0,216.5,2,205
17512.0,2924.9900000000002,10,29
12477.0,13219.74,6,23
15550.0,575.63,4,4
18159.0,530.15,1,301
13875.0,1786.79,5,54
15406.0,510.71000000000004,2,31
17282.0,1685.46,3,130
16434.0,1511.8,7,29
17050.0,3185.64,6,96
13171.0,468.41,3,22
17472.0,697.54,3,191
17255.0,291.48,2,41
16084.0,436.18,1,299
17667.0,2055.51,5,66
12507.0,1304.81,3,134
14631.0,1006.98,3,51
13381.0,3639.31,6,32
15236.0,321.05,1,299
13475.0,1431.78,4,191
17829.0,889.24,1,299
13717.0,1445.01,6,32
13157.0,1741.22,4,49
14644.0,830.76,2,68
12993.0,414.76,4,23
17571.0,1425.67,4,50
16979.0,1852.0,6,4
16738.0,3.75,1,298
15122.0,1633.78,3,114
17612.0,2048.45,6,53
17348.0,1156.6,5,15
13893.0,821.1,1,298
14035.0,1428.02,5,29
13623.0,727.74,5,31
14346.0,1021.58,2,121
16431.0,623.28,3,213
12616.0,713.3,2,95
16317.0,1341.65,3,120
14935.0,1784.71,1,297
16073.0,122.39999999999999,1,297
14477.0,1309.6,4,20
14760.0,89.2,1,297
14897.0,1366.38,4,8
15810.0,1391.98,4,79
16509.0,363.7,1,297
14386.0,142.4,1,297
12455.0,2466.86,6,73
14530.0,2862.11,6,26
15670.0,173.05,1,297
12653.0,2209.85,2,149
16126.0,6287.77,4,29
14609.0,601.56,4,72
13414.0,1390.5,3,134
12823.0,1759.5,5,75
12352.0,2506.04,8,36
12372.0,1298.04,3,72
14944.0,5900.25,12,30
16494.0,826.53,1,297
14959.0,695.42,4,64
16148.0,76.32000000000001,1,296
17422.0,1979.37,6,16
17175.0,1443.69,4,44
18257.0,2337.63,8,39
12362.0,5226.23,10,3
13018.0,7277.7,28,16
13718.0,306.55,2,246
15382.0,5955.71,6,15
14754.0,638.05,2,45
13151.0,1257.8700000000001,1,296
12654.0,601.98,5,11
13085.0,416.08000000000004,2,158
15903.0,5126.76,7,10
15785.0,2328.9700000000003,5,33
18138.0,152.65,1,295
14379.0,348.1,2,44
14211.0,2241.1,9,53
14371.0,100.5,1,295
13425.0,1624.21,3,108
12852.0,311.55,1,295
15228.0,3386.71,4,66
13012.0,1646.8400000000001,8,9
16182.0,6617.65,4,72
13489.0,449.52,4,105
12714.0,4708.86,5,9
13904.0,332.64,2,37
15755.0,2364.25,6,10
13932.0,307.4,1,295
13799.0,688.86,2,117
13951.0,674.45,3,176
16765.0,34.0,1,294
16566.0,614.66,5,15
12891.0,331.0,3,186
16466.0,1595.96,7,34
16115.0,1660.8799999999999,8,10
14162.0,289.36,2,174
13301.0,618.09,4,104
14803.0,845.55,3,162
13744.0,1080.52,2,95
12988.0,505.82,1,292
17323.0,906.52,7,15
12707.0,603.42,1,292
18094.0,3017.3,7,82
15129.0,3447.4,11,50
17361.0,488.2,3,49
18155.0,371.62,3,75
15321.0,2748.31,3,71
13477.0,1454.58,6,38
15065.0,3158.13,4,38
16980.0,1028.46,2,255
15146.0,1327.16,2,165
12365.0,641.38,2,291
13410.0,1003.06,5,24
13044.0,560.47,1,291
16441.0,381.2,2,67
16014.0,646.83,3,38
14520.0,270.6,2,2
18087.0,4055.7199999999993,2,98
17994.0,674.89,4,122
13038.0,908.46,3,80
17002.0,1493.73,3,86
15722.0,2211.21,5,36
16349.0,53.5,1,291
16913.0,113.44,1,290
17442.0,2248.56,6,37
14895.0,11138.710000000001,20,8
18114.0,220.1,1,290
15303.0,574.02,1,290
12845.0,354.09,4,267
18188.0,2001.04,3,15
16045.0,1340.7,4,120
16573.0,663.61,2,85
13421.0,1833.71,2,40
18196.0,686.63,2,95
13285.0,2709.12,4,23
13184.0,1668.95,10,15
18151.0,653.35,2,135
13804.0,2588.39,7,31
17499.0,622.88,1,290
15397.0,94.0,1,290
14276.0,1119.74,3,99
13453.0,356.97999999999996,2,166
18172.0,7561.68,20,15
16394.0,1555.34,5,57
17711.0,385.1,2,11
13865.0,501.56,4,58
16940.0,3049.88,3,52
14289.0,911.26,6,9
16208.0,664.26,2,45
17063.0,1461.14,7,21
13149.0,1676.06,4,14
18068.0,101.69999999999999,1,289
15932.0,2495.87,8,4
16692.0,1276.0,2,256
17171.0,224.91,1,289
18231.0,2071.77,5,192
14004.0,4582.64,7,43
17139.0,10650.77,12,16
14513.0,455.59000000000003,3,101
15974.0,3442.15,7,39
17830.0,398.7,3,2
12565.0,145.92,1,289
12582.0,511.36,2,239
14231.0,925.71,3,184
17867.0,1157.8700000000001,6,30
14880.0,690.59,3,77
13118.0,1197.81,5,20
15121.0,457.72,2,50
17117.0,116.19999999999999,1,288
12945.0,462.95,1,288
18056.0,363.65,1,288
16072.0,584.3199999999999,1,288
16838.0,588.85,2,197
15543.0,127.86,1,288
13751.0,296.25,1,288
15847.0,389.27,2,38
13851.0,2651.46,3,96
13501.0,1340.32,1,288
12633.0,2163.98,4,59
13345.0,389.5,1,288
13870.0,2770.94,8,2
17034.0,745.52,3,16
16592.0,4113.68,16,4
15712.0,1072.3600000000001,5,9
13362.0,3090.7400000000002,4,9
14470.0,461.19,2,12
17388.0,1259.56,4,78
16841.0,1869.82,6,37
13753.0,741.26,1,288
13666.0,84.65,3,60
12361.0,189.9,1,287
14481.0,636.51,2,165
13792.0,195.55,2,66
17663.0,1802.91,7,26
13973.0,264.7,1,287
15990.0,792.11,2,44
13493.0,618.63,2,275
13684.0,65.13,1,286
13261.0,944.1,2,269
16598.0,145.04999999999998,1,286
14147.0,483.4,2,78
15951.0,708.22,2,9
13971.0,2758.26,8,19
17516.0,764.88,5,15
13630.0,2031.78,7,5
14157.0,424.89000000000004,2,20
13636.0,949.12,5,37
13610.0,1082.33,7,12
14745.0,1220.26,5,113
12781.0,826.74,2,64
14036.0,626.65,1,285
16057.0,2263.12,7,16
16992.0,1614.31,5,11
15724.0,218.25,2,201
12458.0,947.4,2,71
12598.0,3023.08,8,10
13675.0,486.82000000000005,2,151
14227.0,3350.96,10,26
16668.0,306.71999999999997,6,15
16667.0,567.1800000000001,2,68
13509.0,979.72,7,9
15874.0,4405.88,7,64
16187.0,6911.4400000000005,15,32
16339.0,94.05,1,284
12509.0,176.5,1,284
14046.0,154.99,1,284
13292.0,578.9399999999999,2,39
16427.0,241.06,2,263
14056.0,8152.71,23,1
15656.0,748.5,4,45
12811.0,514.85,3,261
16518.0,484.32,2,61
17165.0,158.68,1,284
17462.0,675.69,2,60
14620.0,412.78000000000003,2,206
14740.0,1448.21,3,197
16462.0,136.0,3,74
12428.0,7956.46,9,26
16078.0,79.2,1,284
16915.0,621.6800000000001,6,9
15676.0,3435.76,3,19
15709.0,133.25,1,284
15241.0,1756.44,8,67
12933.0,607.53,3,24
15092.0,457.81,2,215
12679.0,1113.02,4,59
15319.0,204.5,1,284
16212.0,690.34,2,19
15257.0,317.15,1,283
14656.0,291.05,2,169
13884.0,787.6,5,7
12866.0,559.12,1,283
14676.0,2548.2400000000002,6,31
13166.0,417.2,1,283
16389.0,1382.07,4,53
14292.0,4871.93,9,8
15416.0,3984.32,4,65
15733.0,162.3,1,283
16678.0,3109.99,12,3
12834.0,312.38,1,283
13722.0,2375.41,3,132
14934.0,1890.94,2,82
15067.0,1744.76,3,78
16128.0,1880.22,5,18
17770.0,1143.27,5,199
15622.0,3709.56,9,43
14473.0,234.34000000000003,2,74
15104.0,993.54,2,197
15643.0,664.0,3,192
16792.0,110.38000000000001,2,282
15031.0,653.19,4,4
15636.0,724.76,2,90
12873.0,374.0,1,282
17923.0,207.50000000000003,1,282
16217.0,304.25,2,235
17738.0,1879.05,4,19
17426.0,5037.26,6,8
16957.0,416.64,2,239
16571.0,1421.69,3,27
14483.0,137.1,1,282
15087.0,306.94,1,282
16709.0,3029.87,5,85
17856.0,1418.03,4,2
15053.0,693.95,3,5
18218.0,641.92,2,211
16159.0,348.2,1,282
17995.0,76.1,1,282
17374.0,495.77,2,219
17789.0,225.9,1,281
17416.0,6893.42,7,30
17652.0,4867.72,12,25
13476.0,1238.47,2,179
12817.0,166.04,1,281
17700.0,2534.64,4,17
15393.0,231.86,2,16
13014.0,3466.2799999999997,10,11
17508.0,387.31,1,281
13931.0,1237.53,2,96
12541.0,981.18,3,30
13382.0,222.99,1,281
15220.0,1778.96,6,52
14570.0,218.06,2,281
14447.0,1163.23,5,19
13557.0,584.06,2,28
16449.0,707.69,2,198
12547.0,207.79999999999998,2,198
17325.0,96.8,1,280
14995.0,231.98000000000002,2,39
16414.0,126.25,2,22
15681.0,1426.16,5,25
14670.0,392.86,2,280
15675.0,323.69,3,81
12584.0,2338.15,9,4
17535.0,164.4,1,280
15400.0,716.2,5,92
14903.0,2795.33,5,21
14499.0,808.44,3,26
18211.0,600.07,5,26
14504.0,673.26,4,47
15572.0,2533.42,7,5
17107.0,10797.48,6,33
14247.0,136.76999999999998,1,278
15554.0,217.2,1,278
14915.0,307.48,2,91
16136.0,709.38,3,60
18280.0,180.60000000000002,1,278
12614.0,315.6,1,278
13344.0,2511.69,3,68
16621.0,813.48,4,52
16225.0,1096.32,5,45
14214.0,1004.38,5,31
14012.0,328.8,1,278
16356.0,211.77,3,198
17654.0,117.55,1,277
15026.0,469.0,3,80
16517.0,162.7,1,277
14817.0,1110.34,2,200
17092.0,1774.03,4,50
16242.0,3579.86,7,8
15869.0,149.64,2,277
17817.0,387.68,3,4
15834.0,2225.15,4,70
15234.0,197.0,1,277
15764.0,3279.97,6,88
15806.0,784.58,3,46
15819.0,1905.45,4,49
14586.0,237.36,1,277
15944.0,325.1,1,277
13340.0,10736.48,7,45
16917.0,391.52,1,277
14407.0,2157.73,6,107
13908.0,2369.55,4,80
12758.0,2791.59,2,117
13975.0,2461.2400000000002,6,31
14730.0,1897.57,8,1
12623.0,305.1,1,276
14367.0,9227.82,16,8
13373.0,3312.25,3,61
16712.0,3611.31,11,9
17639.0,108.5,1,276
16426.0,1863.76,10,2
16495.0,648.26,3,3
14336.0,1614.91,4,17
14507.0,1367.88,6,24
12759.0,1531.44,3,52
17049.0,5655.03,9,3
15206.0,420.29999999999995,4,10
14013.0,473.02,3,110
14645.0,597.09,2,157
15071.0,982.07,2,94
14112.0,2915.15,7,23
13026.0,975.36,5,1
12881.0,298.0,1,276
17864.0,554.85,3,13
14936.0,8137.02,8,34
17138.0,380.5,1,276
16572.0,1009.6,3,127
14165.0,120.44,1,276
15367.0,1877.59,4,57
14291.0,3883.25,11,2
15632.0,3285.31,8,16
14297.0,1305.33,4,18
13899.0,388.52,2,16
16471.0,223.95000000000002,1,275
18183.0,632.07,2,227
14603.0,660.0,1,275
18173.0,2106.84,4,87
14854.0,2740.03,7,78
16625.0,333.08,1,275
14064.0,1334.34,5,29
15308.0,310.47,1,274
18086.0,101.34,1,274
14350.0,282.93,1,274
14930.0,2362.96,3,109
16080.0,217.16,2,82
14727.0,268.58,1,274
16778.0,245.94,2,74
14077.0,499.41999999999996,5,41
16808.0,288.42,2,99
16475.0,544.3,4,88
13265.0,2092.66,5,53
12520.0,2634.26,5,79
15049.0,121.17000000000002,1,274
18149.0,612.0799999999999,3,51
13654.0,2707.33,6,43
16652.0,6773.97,7,59
16766.0,1145.6,2,273
16801.0,1594.23,4,163
17164.0,2467.35,7,33
13226.0,108.21000000000001,1,273
13043.0,516.42,1,273
14352.0,1078.96,4,157
17351.0,587.15,3,36
16768.0,478.09000000000003,3,48
16693.0,477.86,2,69
13956.0,1019.27,5,5
13708.0,285.33,1,271
15918.0,334.23,2,191
15671.0,2657.13,7,19
14962.0,126.7,1,271
16807.0,1121.59,3,143
15125.0,11528.48,15,25
16871.0,2812.34,6,22
12901.0,17654.54,28,9
13452.0,590.0,2,259
15493.0,1953.41,5,33
16005.0,578.71,4,12
15388.0,140.54,1,270
16804.0,536.99,3,23
13499.0,1159.11,5,18
15047.0,343.62,1,270
14193.0,853.39,2,68
17542.0,170.75,1,270
15181.0,689.4799999999999,3,66
17080.0,287.62,2,22
16392.0,217.89,1,270
15106.0,1422.52,5,18
16214.0,1062.75,3,171
13716.0,138.28,1,269
15150.0,5291.33,10,17
14226.0,2214.79,5,29
13121.0,283.73,1,269
16297.0,301.9,1,269
12994.0,974.4200000000001,3,4
16152.0,1829.04,1,269
14636.0,609.85,2,36
16040.0,1313.55,3,65
15793.0,965.61,3,15
13358.0,439.03,1,269
12849.0,1010.29,2,31
15182.0,622.85,2,154
13299.0,142.5,1,268
16383.0,643.76,2,75
15381.0,596.85,2,214
12597.0,3811.22,4,19
15030.0,518.28,2,72
12435.0,7829.89,2,80
12955.0,4757.16,11,1
18189.0,1090.24,2,78
13946.0,561.5699999999999,3,79
17716.0,5655.99,11,23
13185.0,71.4,1,268
14840.0,62.85,1,268
13216.0,333.74,1,268
13650.0,1836.34,6,17
13533.0,269.09,3,183
13268.0,3174.75,11,18
15433.0,533.3,2,214
12937.0,1504.27,4,15
16216.0,914.9300000000001,1,267
16377.0,676.2,1,267
16976.0,251.51999999999998,1,267
12514.0,1017.68,1,267
18210.0,2621.38,6,2
13631.0,3070.42,11,100
14422.0,4263.64,6,1
15648.0,639.5,2,204
17725.0,3439.08,11,16
15861.0,3146.92,8,12
13072.0,177.15,1,267
15695.0,409.98,2,267
14110.0,5683.15,12,4
14059.0,183.6,1,267
16672.0,8134.9400000000005,20,2
16511.0,918.33,3,22
16256.0,752.4300000000001,1,267
13591.0,1117.13,3,65
14066.0,152.55,1,267
15483.0,225.26,4,161
16626.0,4413.1,17,1
15019.0,252.81,1,267
18270.0,283.15,2,38
14315.0,2481.13,6,45
17921.0,820.23,4,64
14041.0,141.41,1,266
17060.0,234.24,1,266
16023.0,719.81,3,46
17133.0,4892.240000000001,7,16
12878.0,854.99,2,236
14155.0,118.75,1,266
17043.0,1735.18,4,32
13046.0,629.31,2,31
14633.0,344.90000000000003,1,266
12948.0,2064.95,7,16
15703.0,211.5,1,265
14071.0,1437.57,8,4
17134.0,413.2,2,107
17795.0,342.83,2,180
12902.0,138.68,1,265
16444.0,654.67,4,46
14232.0,2048.07,5,43
14693.0,172.9,1,265
12407.0,1708.1200000000001,5,50
16728.0,1048.28,4,46
16096.0,320.62,1,264
13985.0,7060.13,15,4
13592.0,247.95999999999998,4,36
15140.0,2354.25,7,52
12843.0,1702.26,8,66
14408.0,2599.03,7,11
15408.0,267.18,1,264
15445.0,113.5,1,264
14205.0,466.7,2,17
15452.0,528.48,3,30
14223.0,991.13,3,92
16619.0,226.21,1,264
14762.0,300.52,1,264
13934.0,922.1,1,264
15669.0,684.34,4,40
16384.0,584.5,2,90
18224.0,158.95000000000002,1,264
14245.0,1693.45,2,220
17678.0,298.11,1,264
15855.0,712.24,5,137
17204.0,1564.56,4,175
16036.0,758.92,2,87
17763.0,15.0,1,263
13262.0,200.29,1,263
17152.0,1689.5,3,195
14632.0,114.56,1,263
13900.0,740.95,3,183
14875.0,1465.3200000000002,2,108
15132.0,977.9300000000001,5,18
17272.0,2148.63,4,42
16135.0,517.55,1,263
12831.0,215.05,1,262
15437.0,200.16,1,262
14711.0,2839.62,11,10
14377.0,617.05,2,191
16374.0,466.73,2,66
13196.0,1797.78,4,11
16809.0,914.69,5,23
15457.0,237.07,1,262
12613.0,3344.38,5,57
16721.0,292.47,1,262
12399.0,1108.65,4,119
17733.0,692.19,2,39
17102.0,25.5,1,262
15410.0,3450.84,8,84
13239.0,329.56,1,262
15449.0,974.52,3,26
14870.0,327.25,1,262
13821.0,385.64,2,145
17096.0,1022.13,4,15
12604.0,254.18,2,79
12818.0,1542.08,1,262
18191.0,207.79999999999998,1,262
14461.0,2103.06,3,148
13132.0,77.3,1,262
16859.0,747.81,2,145
15245.0,2515.84,3,134
17411.0,778.94,3,12
17486.0,396.87,1,261
16308.0,2560.0,4,38
12564.0,456.9,1,261
14607.0,16209.5,14,16
13249.0,711.41,3,92
15644.0,803.54,4,166
14075.0,942.26,3,5
17250.0,381.97,2,4
17966.0,1098.43,5,38
14129.0,1123.8600000000001,5,2
15651.0,646.3,3,37
13035.0,921.88,2,74
17644.0,2895.64,11,1
13341.0,775.85,1,261
13512.0,251.21,1,261
16620.0,178.96,2,4
17698.0,154.95,1,261
14267.0,1516.24,3,163
13736.0,729.8,2,5
12434.0,806.14,2,85
16022.0,602.63,1,260
14235.0,3144.86,5,75
16769.0,361.54,1,260
17754.0,1664.65,5,1
12408.0,2888.55,5,33
16063.0,335.32,1,260
15178.0,40.5,1,260
14348.0,409.57,1,260
15815.0,2100.6,5,64
13695.0,2504.13,15,31
17979.0,732.41,4,36
13139.0,5064.94,7,16
12545.0,1000.39,2,75
14758.0,1484.06,4,145
14536.0,170.95,1,260
13662.0,881.26,3,86
17946.0,149.57999999999998,2,233
13743.0,1341.6,7,3
18078.0,336.13,2,217
16780.0,422.24,2,100
18273.0,204.0,3,2
15045.0,735.66,2,152
17625.0,2020.4,4,18
13357.0,609.4,1,257
16777.0,222.62,2,80
14476.0,193.0,1,257
13481.0,1804.56,5,46
16245.0,1413.66,3,24
13266.0,3834.2599999999998,12,11
12669.0,2744.0299999999997,3,151
12792.0,400.53999999999996,1,257
17765.0,367.63,3,159
15083.0,88.2,1,257
18010.0,174.8,1,257
15249.0,6688.46,13,32
13760.0,286.79,2,54
15624.0,588.13,4,117
17749.0,674.52,2,178
15068.0,553.36,2,46
14538.0,388.25,2,65
14851.0,511.35,2,23
14021.0,631.9,3,155
13037.0,881.07,3,138
18177.0,1340.8700000000001,6,31
14128.0,637.5,2,61
17874.0,683.46,6,185
17719.0,5396.04,15,38
14441.0,1712.89,4,1
17931.0,408.36,2,134
13803.0,277.07,1,255
17398.0,653.38,3,115
15906.0,1567.69,7,20
16253.0,3683.86,2,67
13439.0,283.71,1,255
12888.0,354.12,2,214
13588.0,2478.95,9,16
12456.0,3181.04,3,44
15521.0,3000.2,8,40
13720.0,799.9,4,117
15674.0,2446.6,5,73
17594.0,993.18,2,85
17775.0,56.4,1,255
13988.0,4147.96,6,20
16657.0,874.43,4,10
15424.0,383.34,2,254
13316.0,5732.93,4,37
16788.0,594.39,2,123
16584.0,936.08,2,80
15364.0,913.19,2,96
18108.0,271.0,1,254
14272.0,437.96,2,74
15980.0,2398.86,3,89
15832.0,836.79,1,254
16092.0,817.86,3,115
15528.0,229.33,1,254
16398.0,1705.8,2,154
17088.0,1991.01,4,28
17438.0,388.45000000000005,1,254
13060.0,307.53,1,254
14790.0,745.06,4,17
14890.0,125.65,1,254
16386.0,302.57,2,29
14818.0,657.8,3,74
13571.0,2088.94,12,13
12909.0,2178.67,5,40
12619.0,3641.24,9,16
16698.0,1998.0,2,227
16681.0,1770.34,6,73
13573.0,290.25,2,50
13883.0,2674.48,5,11
14957.0,58.49,1,253
13918.0,1212.8400000000001,2,50
17212.0,226.85,1,253
17781.0,188.02,2,159
14886.0,364.8,1,253
13626.0,257.23,1,253
16609.0,5493.46,7,15
16180.0,10254.18,8,100
13462.0,151.5,1,253
18263.0,1213.1599999999999,3,26
16960.0,507.05,3,39
13841.0,85.0,1,253
17701.0,417.95,1,253
12949.0,4167.22,8,31
14852.0,2836.69,6,58
12569.0,4124.69,32,2
13169.0,712.88,2,64
16162.0,37.4,1,252
15691.0,136.8,1,252
14195.0,1012.0,2,202
13781.0,127.84,1,251
17758.0,3408.2000000000003,8,19
14023.0,584.07,2,7
17669.0,3406.7200000000003,7,43
16142.0,535.34,1,250
17648.0,1797.5,4,61
13059.0,183.4,1,250
16224.0,1295.3,4,57
15223.0,755.75,2,226
17886.0,869.28,3,32
13294.0,873.74,2,190
15289.0,939.78,3,29
18185.0,304.25,1,249
17956.0,12.75,1,249
15756.0,528.01,4,61
14747.0,328.2,1,249
14719.0,1581.84,5,2
13015.0,3339.64,5,53
16586.0,463.95,1,249
16105.0,336.96,1,249
15442.0,594.0,1,249
16906.0,559.59,4,82
14546.0,2573.93,5,5
14535.0,2854.84,3,60
16170.0,1885.05,6,51
15244.0,631.57,2,65
16696.0,657.9000000000001,4,135
15145.0,1194.73,4,4
17492.0,374.57,1,248
13525.0,628.78,2,15
17409.0,771.85,2,185
17783.0,283.47,2,72
13863.0,305.78,1,248
13515.0,891.12,4,73
15917.0,123.1,1,248
17440.0,186.42000000000002,3,157
17045.0,339.44,3,113
17140.0,454.12,1,247
15201.0,1236.54,5,87
14964.0,206.21,1,247
16031.0,547.9,2,92
14403.0,1475.81,4,130
17042.0,1036.58,5,3
13771.0,2634.45,4,64
17906.0,72.9,1,247
18272.0,3078.58,6,3
16144.0,175.2,1,247
13731.0,610.59,2,219
12580.0,415.7,1,247
14912.0,867.85,2,17
15530.0,1497.31,4,22
13950.0,745.06,4,11
13752.0,1175.38,6,124
13892.0,632.97,4,27
14446.0,1010.35,4,1
16209.0,2262.62,5,89
15754.0,458.57,3,51
13712.0,228.84,1,247
15800.0,696.89,2,107
16469.0,625.42,4,24
13005.0,513.7,2,174
14981.0,102.12,1,246
17928.0,212.54,2,45
16261.0,728.54,4,17
17883.0,664.34,4,3
14619.0,394.44,1,246
13995.0,1393.69,5,15
16643.0,487.51,1,246
14246.0,1474.06,3,111
18040.0,357.20000000000005,2,19
16837.0,3170.98,11,31
15119.0,266.4,1,246
16325.0,594.24,3,47
14924.0,310.05,1,246
15109.0,484.95,1,246
16623.0,129.45,1,246
12999.0,455.88,3,196
12717.0,1030.98,2,151
13962.0,169.55,2,22
18036.0,403.12,3,32
14958.0,483.72999999999996,3,147
14264.0,333.97,2,155
13562.0,1799.33,3,82
15775.0,104.9,1,245
17054.0,1356.33,5,28
17268.0,763.64,4,108
13548.0,678.16,2,96
13508.0,110.97,1,244
12447.0,476.49,1,243
13570.0,239.49,1,243
13232.0,1328.35,7,13
18129.0,112.55000000000001,1,243
13632.0,2118.93,5,25
15665.0,2222.21,2,168
17550.0,267.16,3,197
15655.0,560.67,1,243
14286.0,4628.75,3,24
16188.0,981.86,4,45
15214.0,1661.44,8,2
17574.0,185.65,1,243
15737.0,1188.1200000000001,8,15
18080.0,1231.5,2,19
14311.0,310.26,1,243
14339.0,309.52,1,243
12982.0,390.54,1,243
12701.0,797.71,2,80
12596.0,618.27,2,51
14273.0,559.97,4,51
12363.0,552.0,2,110
13549.0,918.2,7,26
15414.0,774.9000000000001,3,10
13203.0,869.46,4,10
14628.0,671.96,2,91
14326.0,183.85,1,242
15935.0,416.86,2,239
13655.0,932.97,2,114
12910.0,3075.04,8,23
13577.0,1687.6000000000001,4,25
15251.0,10484.99,11,9
14111.0,692.85,4,14
17160.0,3518.03,6,31
16172.0,1140.21,5,95
17972.0,135.19,1,242
12463.0,1344.78,4,53
14844.0,3189.81,4,64
17278.0,246.04,1,241
15212.0,101.8,1,241
16729.0,7205.33,21,38
14998.0,414.87,2,170
13484.0,313.8,1,241
16697.0,112.75,1,241
14931.0,1257.68,5,5
18236.0,882.24,6,30
13740.0,350.75,1,241
15230.0,429.6,2,239
15134.0,1387.99,8,15
16309.0,706.57,2,106
13544.0,276.06,2,40
14262.0,2618.23,8,8
13134.0,1793.58,4,86
17589.0,2404.17,4,60
16097.0,185.04999999999998,1,240
13122.0,922.39,2,94
16966.0,2154.97,7,8
17746.0,110.25,1,240
16175.0,1037.59,4,94
14834.0,1720.3,6,18
16348.0,1415.65,7,32
15147.0,623.5,1,240
16131.0,3506.54,6,52
15813.0,1303.9099999999999,2,208
17058.0,1179.89,3,82
17704.0,885.19,2,169
13772.0,1122.63,3,34
16933.0,563.23,2,1
16249.0,1800.07,5,53
14198.0,701.4,4,18
13989.0,1266.08,2,66
17930.0,1740.48,5,36
14154.0,1345.62,2,239
14206.0,328.15999999999997,1,239
14482.0,2022.81,6,18
14163.0,2445.91,4,87
14105.0,1266.23,1,239
17601.0,116.00999999999999,1,239
17142.0,579.0,1,239
13811.0,814.5,3,184
12457.0,2363.23,7,66
15135.0,139.05,1,239
16806.0,762.16,4,103
13952.0,3251.071,2,218
13120.0,30.599999999999998,1,239
12769.0,1143.6,1,239
13516.0,1389.41,3,21
14323.0,605.0600000000001,2,115
18079.0,3613.15,4,45
12639.0,486.1,1,239
14700.0,2195.1,3,32
15027.0,1066.1499999999999,4,31
17367.0,167.55,1,238
18213.0,232.48000000000002,1,237
17029.0,716.0,2,111
13220.0,819.2900000000001,4,78
15985.0,1142.42,2,123
16193.0,314.45,1,237
15172.0,1624.05,5,9
13692.0,1488.32,3,25
15745.0,1094.59,4,19
17582.0,175.27,1,236
13474.0,226.84,1,236
17697.0,338.95,1,236
16639.0,1257.51,3,31
16947.0,406.48,1,236
15491.0,3100.09,6,95
16617.0,151.85,1,236
15265.0,1506.1200000000001,2,151
16226.0,255.12,3,203
18009.0,247.39,1,235
16399.0,408.02,2,19
14623.0,886.7,5,32
15625.0,1534.26,4,104
18064.0,814.0,2,133
15508.0,1000.27,6,189
16628.0,2188.05,5,30
13647.0,1648.1200000000001,4,10
15594.0,1771.78,5,16
13479.0,300.95,2,201
13376.0,1019.76,3,99
15717.0,150.3,1,234
13735.0,2883.54,4,25
13719.0,1041.68,5,15
16633.0,2883.1,6,17
13101.0,101.19,1,234
15225.0,409.40000000000003,1,234
14152.0,621.29,2,75
12733.0,383.95,1,234
15436.0,1067.75,3,12
17217.0,113.5,1,234
12656.0,4051.17,5,17
17734.0,700.63,3,54
14905.0,616.15,2,158
17548.0,103.3,1,234
14148.0,157.2,1,234
16103.0,1429.64,6,7
14626.0,2791.27,4,24
14868.0,2953.59,8,3
18246.0,596.1,2,24
13485.0,454.24,1,233
15517.0,267.03,1,233
17115.0,837.5,3,8
17120.0,307.46,1,233
15912.0,264.62,2,178
12506.0,73.5,1,233
12670.0,2996.05,5,10
17588.0,1240.2,3,100
14759.0,1625.97,3,5
16185.0,529.41,2,17
13505.0,4393.63,4,73
13389.0,797.96,3,11
12354.0,1079.4,1,232
17631.0,528.33,3,2
17061.0,5232.2300000000005,11,74
17718.0,139.35,1,232
17630.0,503.59999999999997,2,170
13223.0,163.20000000000002,2,200
16146.0,734.13,3,157
17109.0,881.29,6,29
16587.0,225.15,1,232
12622.0,180.1,1,232
16750.0,623.93,5,45
13482.0,184.64,1,232
14512.0,275.28,2,188
17670.0,205.7,1,228
16834.0,413.46,1,228
15108.0,1300.25,4,142
16942.0,1904.99,9,13
14640.0,2107.38,6,24
16823.0,358.38,1,227
15237.0,1412.32,4,2
12573.0,160.54000000000002,1,227
17854.0,311.26,2,185
18220.0,305.28000000000003,1,227
17436.0,216.29999999999998,2,2
16965.0,201.19,1,227
12840.0,2726.77,4,144
15891.0,511.68,1,227
17187.0,203.95,1,227
13637.0,804.3,3,52
17991.0,93.35,2,225
16418.0,631.12,3,45
16099.0,731.9,3,50
15768.0,621.8299999999999,3,116
16637.0,1154.47,4,32
14240.0,890.34,2,30
15143.0,259.45,1,226
13229.0,160.95,1,226
14973.0,1314.45,3,107
14271.0,112.32,1,226
15952.0,781.91,4,34
16227.0,314.22,1,225
17893.0,107.21,1,225
14022.0,440.0,1,225
15210.0,331.18,1,225
16370.0,1301.91,4,82
14304.0,383.45,1,223
15376.0,1221.56,3,40
14655.0,1932.23,4,8
17615.0,329.6,3,130
16055.0,134.8,1,221
14149.0,446.62,1,221
17501.0,288.6,2,221
14191.0,4684.76,13,2
13282.0,1132.14,3,18
15582.0,682.9100000000001,3,25
16230.0,542.03,2,190
18146.0,160.35000000000002,2,141
15976.0,427.64,2,165
17443.0,534.24,1,220
12886.0,1378.4,2,68
17974.0,703.99,3,25
13524.0,680.1800000000001,5,41
17955.0,557.3,4,199
15128.0,1471.0,4,60
16610.0,75.66,1,219
17394.0,203.86999999999998,1,219
16094.0,1078.23,4,12
14173.0,450.84,4,11
16258.0,5203.51,5,45
14948.0,1101.97,6,23
17384.0,336.4,2,19
16990.0,179.0,1,219
13762.0,306.72,1,219
12593.0,418.09999999999997,3,109
14340.0,134.7,1,219
17429.0,524.9200000000001,3,128
13711.0,252.06,2,219
14515.0,2076.89,6,18
16457.0,208.36,1,218
17527.0,939.37,4,54
14199.0,185.39999999999998,1,218
13888.0,595.67,2,120
14423.0,265.2,1,218
14697.0,188.60999999999999,2,218
17522.0,1070.71,5,2
13867.0,1005.09,3,31
17624.0,843.48,2,15
14393.0,67.95,1,218
17578.0,143.45999999999998,1,218
13450.0,2043.7199999999998,6,27
17423.0,698.41,2,46
18241.0,2073.09,17,10
15668.0,76.32000000000001,1,218
16319.0,404.40000000000003,1,218
15757.0,714.42,2,66
17174.0,59.9,1,218
13365.0,2225.37,2,34
18227.0,93.75,1,218
14145.0,3742.2,4,47
18235.0,1796.48,3,72
13741.0,668.4300000000001,3,72
12394.0,1272.48,2,64
16832.0,199.15,3,184
15258.0,623.16,2,169
15552.0,90.12,1,217
18170.0,980.31,3,33
13723.0,199.85000000000002,1,217
14005.0,2874.72,5,10
15561.0,800.59,4,12
16121.0,854.66,2,57
18142.0,1019.52,2,157
13642.0,312.28,1,216
15117.0,1551.78,5,15
13561.0,141.85999999999999,1,216
15704.0,2293.62,4,140
16007.0,1693.81,4,48
16232.0,990.88,4,44
17410.0,1214.72,5,16
13835.0,834.57,4,25
13427.0,582.6,3,19
14353.0,90.6,1,215
12700.0,4939.99,4,8
13003.0,149.05,3,106
16756.0,239.4,1,215
13492.0,1269.84,3,136
16440.0,3640.67,5,8
18120.0,111.15,1,214
12355.0,459.4,1,214
17723.0,3276.4000000000005,6,127
14699.0,109.13000000000001,1,214
12821.0,92.72,1,214
13055.0,1214.41,3,78
13320.0,1532.2,4,78
16357.0,658.88,3,33
18242.0,2232.4900000000002,4,72
15865.0,895.13,3,41
17597.0,2044.3700000000001,1,214
14397.0,2612.96,19,3
13242.0,270.40000000000003,3,112
12684.0,2283.63,7,8
14288.0,426.6,1,213
15063.0,370.79999999999995,1,213
12592.0,437.6,2,92
14591.0,1320.21,4,15
13990.0,311.3,1,213
12749.0,4090.88,5,4
16320.0,1038.46,2,172
14691.0,2114.33,5,31
16229.0,1010.6,2,87
14920.0,977.77,2,213
17489.0,376.64,2,59
13404.0,252.49,2,1
15729.0,85.0,1,213
13136.0,2607.61,5,56
16644.0,833.78,2,178
14731.0,380.02,3,47
14277.0,4188.0,3,15
15187.0,4777.18,16,2
13052.0,348.15000000000003,1,212
18133.0,931.4999999999999,1,212
17664.0,604.64,2,19
14649.0,1402.59,4,5
12649.0,623.51,3,107
13235.0,1031.07,1,212
14883.0,761.59,6,19
12976.0,738.6,1,212
14681.0,498.95,3,71
14421.0,813.11,2,57
16116.0,612.78,1,212
14988.0,334.54,1,212
15489.0,1134.28,3,23
14364.0,3717.35,8,109
16006.0,101.4,1,211
16184.0,1158.79,6,64
17932.0,1331.57,3,29
18221.0,1041.61,5,22
12590.0,9864.26,2,211
14853.0,475.8,2,24
17658.0,595.42,2,26
17764.0,772.55,2,51
14651.0,653.75,2,67
14000.0,635.66,1,211
13601.0,693.32,2,45
12757.0,7834.650000000001,13,16
17970.0,562.79,1,211
12770.0,1351.45,1,211
15826.0,1654.31,3,56
15907.0,882.72,3,4
12695.0,582.1,4,7
14342.0,668.5600000000001,4,21
14873.0,519.68,1,210
14689.0,112.8,1,209
15440.0,383.68,3,55
16076.0,2234.73,10,3
15333.0,1028.56,1,208
16283.0,1570.81,5,6
17263.0,63.440000000000005,1,208
16877.0,846.62,6,12
12674.0,1970.6,4,39
16642.0,688.33,2,5
12871.0,380.64,2,84
14038.0,1560.38,3,78
14489.0,463.38,1,207
14888.0,369.2,1,207
17190.0,444.74,2,59
13456.0,1766.72,6,18
17898.0,152.06,2,85
13976.0,357.98,1,207
16139.0,635.41,3,19
15730.0,1120.88,3,66
16266.0,861.89,7,74
15123.0,2199.31,2,7
17702.0,1824.37,4,30
17505.0,1145.84,2,162
12690.0,389.01,1,206
16446.0,168472.5,2,1
17556.0,157.9,1,206
14583.0,986.96,5,6
16818.0,3349.57,11,11
13572.0,1384.25,1,206
14009.0,695.61,2,198
13258.0,672.83,3,12
14463.0,529.62,3,98
13192.0,911.94,2,95
16987.0,1616.8,7,3
13417.0,640.83,2,5
17047.0,1100.9,3,85
15116.0,1352.75,4,18
17469.0,1870.97,5,16
16647.0,214.06,2,170
15630.0,1186.35,2,45
17245.0,171.45,1,205
16008.0,478.78,3,24
17871.0,155.9,1,205
13529.0,307.76,2,79
12620.0,1339.41,3,15
15599.0,761.74,2,27
16813.0,1652.18,10,8
14859.0,1353.74,4,13
16463.0,1422.4,4,21
15791.0,1612.69,2,44
13658.0,2639.17,5,10
13887.0,349.55,1,204
12353.0,89.0,1,204
14551.0,186.23,2,18
17166.0,206.34,2,39
17926.0,397.29,2,133
13391.0,59.8,1,204
17455.0,131.7,1,204
13308.0,1385.51,3,23
13856.0,388.5,3,169
13243.0,585.12,1,203
15095.0,1370.6,4,104
18048.0,172.29000000000002,2,203
18287.0,1837.28,3,43
18150.0,566.58,3,32
16690.0,225.57999999999998,2,72
13555.0,4098.88,4,74
16038.0,471.78000000000003,3,8
13972.0,190.25,2,71
13227.0,257.7,1,202
13657.0,382.14,2,11
17176.0,306.13,1,202
14837.0,1649.5,4,90
14682.0,52.0,2,188
14921.0,1316.07,2,30
16341.0,1971.87,4,25
14647.0,236.04000000000002,1,201
12710.0,1149.02,3,97
15292.0,178.39,1,201
15705.0,143.1,1,201
13339.0,860.12,1,201
13885.0,506.8,2,189
12360.0,2662.06,3,52
13546.0,621.09,3,12
17715.0,326.4,1,201
18160.0,638.0600000000001,2,57
15434.0,1041.48,5,8
15734.0,1339.45,2,115
13737.0,339.59999999999997,1,200
13213.0,1520.58,5,57
18018.0,122.14,2,108
15314.0,327.97,1,199
17521.0,723.2099999999999,3,30
15042.0,135.93,1,199
16091.0,315.06,2,155
15804.0,4206.39,13,1
14593.0,617.15,3,22
14287.0,176.63,3,8
16763.0,611.85,1,199
14705.0,179.0,1,199
12562.0,3781.7400000000002,7,8
12815.0,1063.46,2,148
14522.0,974.54,4,24
16448.0,182.99,1,198
14584.0,1033.06,4,169
12974.0,144.8,1,198
12987.0,558.7,2,74
14816.0,271.85,1,197
15852.0,160.71,2,187
16624.0,810.5699999999999,2,81
12493.0,433.74,2,166
18232.0,592.97,4,82
18073.0,3859.82,12,114
16369.0,1545.41,3,18
14280.0,134.04,1,197
13135.0,3096.0,1,197
17345.0,519.6899999999999,4,15
16275.0,559.87,1,197
14338.0,588.22,2,161
15402.0,626.77,2,149
12876.0,2218.02,2,58
16323.0,207.50000000000003,1,196
12426.0,582.73,1,195
14451.0,643.9,2,60
14823.0,321.43,3,180
15897.0,208.59,2,194
17051.0,240.89000000000001,1,194
15925.0,207.15,1,194
12787.0,463.66,3,10
15863.0,68.84,2,26
16483.0,139.35,1,192
13398.0,457.34,1,192
13070.0,228.8,1,192
14819.0,272.07,2,64
12790.0,324.92,1,192
15163.0,304.47,2,18
18204.0,1975.35,3,71
16810.0,309.54,1,192
15124.0,184.19,2,23
12473.0,3928.0499999999997,5,29
16969.0,650.41,3,39
14597.0,866.24,2,11
13917.0,272.04,2,50
16424.0,133.56,1,191
13062.0,346.98,1,191
16484.0,404.3,2,174
14389.0,1043.46,2,65
15184.0,402.2,2,29
18135.0,681.9100000000001,5,29
14453.0,119.93,1,190
17900.0,112.19999999999999,2,190
13437.0,3408.06,7,14
12517.0,2481.6,5,28
16529.0,455.25,1,190
17531.0,296.7,1,190
16239.0,414.2,2,57
14500.0,356.85,3,88
16117.0,232.21,1,190
13248.0,465.68,2,125
16967.0,319.02,1,189
15405.0,349.1,1,189
16659.0,39.12,1,189
16880.0,1491.43,7,31
13435.0,3809.8900000000003,7,5
13131.0,1073.3,3,23
14891.0,554.38,2,148
16682.0,1028.0,5,5
15453.0,1371.77,7,2
16963.0,110.55000000000001,1,187
13682.0,59.5,1,187
15152.0,4745.69,13,10
15462.0,234.6,3,94
12449.0,4067.29,4,22
15349.0,463.90999999999997,2,158
16849.0,124.57,1,187
12802.0,427.58,1,187
15073.0,1043.41,3,10
16298.0,598.2,3,23
12535.0,716.35,2,92
18248.0,804.02,2,123
15386.0,394.14,1,186
16611.0,129.49,1,186
17252.0,348.91,2,117
14542.0,103.25,1,186
16825.0,775.1800000000001,2,39
12380.0,2724.81,4,22
18072.0,247.44,1,186
13643.0,519.44,3,31
15969.0,666.1,3,3
13283.0,93.66,2,60
17015.0,1838.6100000000001,3,29
14375.0,235.56,1,185
17124.0,294.24,1,185
17987.0,198.57,1,185
13395.0,307.72,1,185
17828.0,1820.09,4,23
15743.0,775.96,4,16
17414.0,778.0,2,44
14622.0,320.58000000000004,1,185
15609.0,298.48,1,184
14561.0,1080.76,3,76
16872.0,680.02,3,77
16358.0,2027.5,4,1
15238.0,1071.99,3,29
13115.0,2294.78,4,12
13466.0,307.9,1,184
17360.0,568.24,3,17
13510.0,1791.56,4,1
12406.0,3415.3,2,22
16892.0,518.19,5,1
14241.0,213.70000000000002,1,184
14132.0,3586.0299999999997,11,2
14963.0,1472.34,5,10
17169.0,835.78,2,58
15252.0,740.78,2,36
17731.0,1240.11,4,79
16113.0,161.38,1,183
12694.0,869.67,2,70
16107.0,3204.1600000000003,7,18
17483.0,414.04,3,65
15679.0,781.28,4,24
13686.0,72.0,1,183
16581.0,105.84,1,183
15267.0,1717.36,5,22
17234.0,149.89000000000001,1,183
17797.0,780.43,3,22
16614.0,506.19,1,183
12409.0,11072.67,3,79
15411.0,1348.93,4,26
14178.0,1600.26,7,9
15098.0,39916.5,3,182
18281.0,80.82,1,181
14984.0,202.37,2,19
12516.0,1312.06,2,78
17265.0,550.01,2,139
13617.0,544.18,3,40
17242.0,1135.04,2,108
17289.0,931.02,3,32
16018.0,408.90000000000003,2,39
14704.0,1493.96,9,11
16794.0,1196.5,10,1
13761.0,1070.65,2,50
13517.0,2128.42,3,60
13936.0,376.58,1,180
16342.0,322.41,4,75
14177.0,549.46,4,86
12732.0,236.26000000000002,1,180
16205.0,757.63,4,31
15036.0,429.56,3,72
13589.0,379.65,2,15
17579.0,448.90000000000003,3,5
15069.0,1109.53,1,179
17349.0,98.25,1,179
13080.0,58.08,1,179
13663.0,189.47,1,179
14503.0,3543.26,6,3
16774.0,661.52,4,68
13384.0,4151.93,7,31
17101.0,1621.73,4,10
14997.0,546.1999999999999,3,46
17155.0,251.70000000000002,2,18
12809.0,489.31,1,178
16461.0,142.92,1,178
13343.0,353.43,1,178
12624.0,641.13,2,106
18165.0,302.46000000000004,1,177
17536.0,76.5,1,177
16324.0,408.59000000000003,3,128
17651.0,3945.0,10,12
14222.0,683.17,1,177
15585.0,455.3,1,177
17490.0,2092.32,7,1
16739.0,323.0,1,177
16276.0,810.6000000000001,1,177
17193.0,1699.3000000000002,7,36
16257.0,46.95,1,177
16279.0,1502.78,3,21
14285.0,1910.01,4,21
17642.0,712.29,2,120
12816.0,572.2,2,96
13826.0,189.5,1,176
13575.0,732.0699999999999,5,23
17157.0,319.0,2,8
16852.0,144.91000000000003,2,10
15219.0,305.75,1,176
15014.0,257.67,2,43
14765.0,254.11,3,29
16869.0,817.12,4,23
15909.0,191.94,1,174
13618.0,177.34,1,174
16050.0,137.9,1,174
17879.0,178.51999999999998,1,174
17562.0,1122.38,7,14
15334.0,350.82,3,157
12450.0,197.88,2,156
13568.0,187.05,1,173
14820.0,507.29,4,21
16744.0,1291.91,7,11
15700.0,696.68,2,172
17299.0,656.61,4,12
12837.0,134.1,1,173
15076.0,880.85,1,173
17444.0,2940.04,3,148
15921.0,323.03000000000003,1,173
15747.0,946.64,3,13
15840.0,355.56,2,59
15016.0,170.04,1,173
14808.0,2718.6,8,40
12904.0,496.06,2,18
15825.0,532.94,1,172
12432.0,5059.32,5,43
15389.0,500.0,1,172
15280.0,113.12,1,172
17159.0,1538.88,3,22
15329.0,1049.7,3,39
12830.0,6814.64,6,38
15507.0,475.86,1,172
18252.0,518.27,2,51
16526.0,290.36,1,172
17695.0,765.34,2,132
12930.0,415.8,2,78
14960.0,221.27,2,8
12444.0,5005.46,5,21
17960.0,73.78,1,171
15412.0,190.53,1,171
12798.0,6977.04,3,10
13849.0,1537.95,2,52
16114.0,135.75000000000003,1,171
13420.0,159.85,2,150
13780.0,360.01,2,7
17877.0,237.61,1,170
16247.0,114.56,1,170
15041.0,179.93,1,170
12379.0,852.24,2,82
16287.0,142.5,1,170
12919.0,1335.19,6,8
15130.0,330.11,1,170
12704.0,2340.84,8,7
17370.0,446.18,4,73
17709.0,137.45,1,170
15253.0,918.1999999999999,5,16
13300.0,371.89,1,169
17759.0,819.96,3,17
12465.0,742.1899999999999,2,17
12412.0,1226.88,3,75
12697.0,957.59,3,29
13937.0,158.85,1,169
12615.0,2291.19,4,2
15850.0,234.88,2,19
15186.0,411.41,2,14
13791.0,1516.0,2,128
14795.0,131.45000000000002,1,166
17768.0,2081.9,3,8
18112.0,352.69,2,12
12548.0,95.19999999999999,1,166
17386.0,2686.42,6,8
14104.0,216.20999999999998,2,155
17110.0,163.29999999999998,1,165
18193.0,243.76,1,165
13895.0,2593.07,4,28
16545.0,339.3,1,165
16671.0,1692.27,3,28
14351.0,51.0,1,165
17391.0,508.8,2,164
16824.0,460.64,2,16
17750.0,1710.45,9,5
16200.0,1068.8700000000001,2,4
17997.0,1962.46,8,74
14383.0,1247.69,3,38
13461.0,1445.0,3,39
17408.0,32.65,1,163
15537.0,110.92,1,163
14327.0,311.65,1,163
17837.0,1541.23,8,42
12424.0,1760.96,2,163
15578.0,127.1,1,162
15584.0,720.86,4,24
13745.0,300.04,1,162
16498.0,100.97,2,161
17891.0,203.85999999999999,1,162
17123.0,345.29999999999995,1,162
16866.0,207.73999999999998,3,141
13730.0,752.6,2,136
16589.0,459.24,3,71
12922.0,405.38,1,161
16009.0,972.11,4,22
14053.0,260.25,2,124
17939.0,99.14,1,160
17312.0,644.3,3,139
13833.0,383.85,1,159
17899.0,154.55,1,159
15007.0,156.91,1,159
17464.0,289.96000000000004,1,158
18265.0,801.51,2,72
16861.0,173.76,2,60
16344.0,101.10000000000001,1,158
13338.0,487.02,1,158
17024.0,95.85,3,45
14034.0,648.89,3,22
18203.0,160.42000000000002,1,157
16616.0,500.42,2,15
16338.0,214.79999999999998,1,157
17046.0,642.02,1,157
13109.0,786.54,2,60
16829.0,197.22,1,157
13217.0,533.98,3,122
14002.0,529.73,2,134
12977.0,39.239999999999995,1,156
13291.0,361.11,1,156
13583.0,781.03,1,156
16929.0,1295.39,7,4
17892.0,244.1,3,56
15505.0,3610.96,5,53
14459.0,1837.92,1,155
18013.0,187.29,2,155
13681.0,827.83,4,18
13699.0,308.58000000000004,1,155
14493.0,2383.2400000000002,5,7
13486.0,1122.41,3,78
13302.0,63.75,1,155
16012.0,1415.29,3,35
12635.0,1689.18,2,90
17031.0,380.35,2,12
12461.0,826.88,2,94
12648.0,318.05,1,155
18121.0,653.3,2,149
15901.0,351.73,3,17
14918.0,1610.15,2,116
15920.0,167.5,4,154
17353.0,1740.0,2,129
18024.0,389.78,2,153
15467.0,524.88,3,9
16174.0,1009.5500000000001,3,126
13678.0,232.6,1,152
14690.0,355.05,2,44
13058.0,271.40000000000003,3,25
14552.0,164.22,1,152
12556.0,599.56,2,50
13224.0,2155.95,2,60
16989.0,1133.25,6,7
12358.0,1168.06,2,2
13207.0,250.26000000000002,2,15
18122.0,1793.06,6,8
12722.0,997.63,4,85
17405.0,1031.41,3,1
13311.0,598.57,2,4
15051.0,1383.3600000000001,3,23
15895.0,179.17,1,150
15795.0,610.01,1,150
13669.0,218.55,2,51
16450.0,311.92,1,150
13667.0,299.05,1,149
14400.0,574.7,1,149
12405.0,1710.39,1,149
14265.0,530.18,2,109
14847.0,309.4,1,149
14862.0,841.1999999999999,2,26
16488.0,498.8,3,33
15256.0,98.45,1,149
14716.0,307.51,2,43
13933.0,608.7900000000001,2,109
14857.0,1173.12,2,60
15306.0,1174.35,3,64
15839.0,1048.49,3,33
13994.0,2274.14,6,4
17554.0,1952.45,5,1
14332.0,840.21,3,23
17266.0,296.58,3,2
17948.0,358.56000000000006,1,147
15004.0,1220.77,1,147
14722.0,180.42000000000002,1,147
13507.0,2479.16,4,3
13967.0,80.7,1,146
16054.0,783.9,1,145
12833.0,417.38,1,145
16474.0,1810.65,7,7
17984.0,152.68,1,145
12589.0,646.68,2,29
16762.0,1207.24,3,20
13940.0,839.14,4,17
14029.0,467.66,2,63
14117.0,90.0,1,144
13167.0,791.33,4,19
17779.0,650.32,3,21
13991.0,852.88,6,12
18101.0,222.4,2,11
13827.0,409.8,3,58
12560.0,2134.01,3,5
16764.0,2790.9500000000003,13,4
18180.0,1843.75,6,5
12521.0,599.68,1,143
17866.0,329.65,1,143
15802.0,451.42,1,143
17229.0,318.76,2,96
14456.0,3017.28,9,5
16464.0,1298.66,3,20
17962.0,102.41,1,142
16149.0,280.52,2,5
14259.0,120.0,1,142
18143.0,1000.16,2,117
17935.0,145.79,2,138
14517.0,330.45,2,33
17694.0,283.12,1,142
17660.0,178.75,1,141
16041.0,3166.4,3,31
15623.0,301.03,1,141
15829.0,636.14,2,99
15232.0,612.06,2,113
12438.0,2906.85,2,14
12627.0,4478.53,7,11
13079.0,220.10000000000002,5,4
18262.0,149.48,1,140
13563.0,777.53,2,84
15506.0,972.08,3,23
16305.0,361.21999999999997,1,139
12864.0,147.12,1,138
17724.0,1033.0,3,71
17703.0,798.74,3,35
13116.0,501.14,1,138
14019.0,1421.61,3,47
17649.0,868.49,1,138
16178.0,197.9,1,138
17040.0,449.73,1,138
14100.0,191.95000000000002,1,138
16557.0,281.85,2,24
13296.0,87.4,1,137
13814.0,1579.12,2,92
16364.0,705.79,2,12
17693.0,200.47,1,137
15372.0,2007.3999999999999,1,137
15618.0,776.851,4,33
13930.0,337.34,2,58
13379.0,572.56,3,26
13194.0,60.7,1,136
16447.0,255.91,1,136
14305.0,1858.96,3,71
12397.0,2409.9,2,36
14331.0,462.65999999999997,2,124
15261.0,254.82,1,135
15105.0,2298.93,7,18
13813.0,1366.8600000000001,4,40
14855.0,645.65,2,119
13925.0,678.25,4,93
18237.0,987.1,5,3
12453.0,707.09,1,134
15639.0,425.32,1,134
15118.0,244.8,1,134
15746.0,196.88,1,134
12743.0,540.13,2,134
18268.0,25.5,1,134
15942.0,337.44,1,134
14143.0,115.8,1,134
15120.0,358.82,1,134
16147.0,375.0,1,134
13277.0,258.4,4,16
18127.0,347.08,3,19
15149.0,520.8000000000001,1,134
18081.0,343.45,3,36
14511.0,1314.81,5,11
12716.0,1053.49,2,4
15776.0,241.62,1,133
12981.0,372.21999999999997,2,30
13106.0,76.5,1,133
13928.0,464.57,4,11
14885.0,765.3199999999999,1,132
13388.0,677.1,2,131
15438.0,156.57999999999998,1,131
17173.0,3766.6,8,5
17941.0,304.56,1,131
14947.0,290.82,2,72
17053.0,498.48,1,131
12534.0,1089.18,1,131
12844.0,325.96000000000004,2,29
14567.0,1530.3600000000001,2,57
14937.0,1621.88,3,57
12828.0,1018.71,6,3
16984.0,4459.52,2,88
13023.0,689.9,2,64
17553.0,1487.6,1,130
13075.0,919.61,1,130
15342.0,406.09,1,130
12644.0,477.91,1,130
12378.0,4008.62,1,130
17788.0,1117.9,2,74
13850.0,1595.48,1,129
14076.0,118.67,1,129
13805.0,924.6,2,52
17887.0,111.35,1,129
13186.0,1575.89,3,40
12750.0,275.88,1,129
15374.0,168.0,1,129
17656.0,1674.69,5,73
16102.0,1842.14,3,42
15089.0,2420.84,6,10
14972.0,114.77,1,128
17514.0,208.65,1,128
12917.0,594.0,1,128
12689.0,1247.61,2,26
14768.0,192.60000000000002,2,17
17584.0,1242.3,2,7
15254.0,300.36,1,127
18099.0,168.31,1,127
15205.0,653.24,2,85
13218.0,62.63999999999999,1,127
17267.0,317.2,2,127
16302.0,233.22,1,127
13513.0,205.1,1,127
14720.0,663.81,3,6
18282.0,178.05,2,8
12610.0,2099.54,5,23
13200.0,870.09,4,19
14079.0,375.1,1,125
17298.0,498.42,2,101
14024.0,327.7,2,122
16066.0,1521.04,5,17
15198.0,193.64,2,92
12865.0,1568.23,2,26
12885.0,1175.22,3,63
17331.0,175.2,1,124
13016.0,789.89,3,73
13500.0,1166.77,3,23
15247.0,356.0,1,122
13355.0,674.7,1,122
16053.0,1511.95,2,33
13919.0,384.81,2,59
12384.0,585.27,2,29
16292.0,302.25,1,122
12571.0,519.61,2,40
14116.0,1382.74,5,20
14495.0,123.8,2,51
15494.0,1280.58,2,21
15608.0,1093.68,4,28
17248.0,318.65,1,120
17653.0,1207.56,4,37
17633.0,1324.84,4,31
13645.0,252.1,1,120
15469.0,538.55,2,50
13307.0,15.0,1,120
12381.0,1845.31,5,5
17122.0,138.32,1,119
14406.0,156.75,1,119
15683.0,193.75,1,117
14301.0,640.14,1,117
14658.0,247.15,2,5
13621.0,213.85,1,117
16272.0,411.7,1,117
17958.0,508.4599999999999,1,117
16836.0,251.87,2,40
16961.0,234.17,1,116
16902.0,1706.88,1,116
15706.0,1060.56,4,64
15480.0,905.5,1,116
15315.0,570.5,2,64
15653.0,877.4399999999999,2,93
13159.0,1429.35,4,9
13189.0,260.68,2,19
17637.0,547.0600000000001,2,31
12641.0,185.9,1,115
13470.0,165.0,2,99
15786.0,4919.0,3,46
15541.0,85.13000000000001,1,114
16734.0,646.76,3,52
16706.0,531.35,3,37
17070.0,304.24,1,114
12688.0,4873.8099999999995,1,114
12729.0,453.01,1,114
12962.0,266.39,2,7
13273.0,138.98,1,113
17736.0,377.44,3,9
15472.0,371.56,1,113
12680.0,862.81,4,1
16582.0,313.62,1,113
17747.0,71.4,1,113
12513.0,612.29,1,113
15396.0,288.18,1,113
12418.0,668.58,1,113
16828.0,128.5,2,93
14712.0,917.07,3,29
12991.0,503.76,2,23
14772.0,139.26,1,112
12364.0,1313.1,4,8
12968.0,135.95,1,112
16330.0,251.91,3,18
14566.0,1432.0,1,111
15701.0,1529.0,4,2
12518.0,2056.89,5,1
14529.0,578.61,3,60
16536.0,548.12,1,110
15313.0,52.0,1,110
15801.0,1063.95,3,46
16201.0,1863.47,4,3
16555.0,285.89,2,35
16952.0,167.61,2,109
14387.0,1727.6,3,33
17073.0,1446.09,4,18
18147.0,179.33999999999997,2,46
14523.0,241.09,1,108
14418.0,1937.25,3,4
12642.0,1013.26,3,25
16968.0,439.43,2,4
16723.0,576.4,2,91
13411.0,213.55,1,107
16340.0,534.31,1,107
13236.0,744.85,2,25
14196.0,335.52,1,107
15263.0,156.51,1,107
14314.0,120.0,1,107
16093.0,17.0,1,107
17844.0,51.559999999999995,1,107
14687.0,628.38,1,107
14050.0,746.36,2,32
16429.0,284.55,1,106
14055.0,725.6400000000001,1,106
12715.0,343.36,1,106
15663.0,138.14,1,106
18200.0,150.35,1,106
18167.0,1384.8600000000001,3,23
13644.0,2624.26,4,16
17451.0,1721.4,7,1
16641.0,231.10000000000002,1,106
13812.0,539.0,3,42
14141.0,915.13,4,3
15074.0,735.67,1,105
12492.0,263.21000000000004,2,63
17183.0,3347.31,6,8
15325.0,161.74,1,104
13778.0,178.7,1,103
14869.0,721.45,2,9
14096.0,65164.79,17,4
14108.0,597.91,2,31
12814.0,125.92,1,102
15866.0,211.89,1,101
14660.0,285.74,2,87
13726.0,1079.6599999999999,2,39
15690.0,239.76,2,4
17777.0,647.56,3,25
16278.0,566.38,1,100
13276.0,590.9300000000001,2,64
12436.0,509.01,1,100
13147.0,712.8000000000001,4,10
13045.0,305.28000000000003,1,99
13099.0,207.35999999999999,1,99
12739.0,1013.04,2,78
14420.0,387.52,1,99
14436.0,89.06,1,99
18027.0,115.31,1,99
12794.0,860.41,2,53
12832.0,383.03,2,32
16674.0,304.24,2,55
12375.0,457.5,2,11
16173.0,1418.32,6,16
14171.0,363.79,1,98
13434.0,534.24,2,74
16761.0,316.62,1,97
14067.0,374.7,2,64
13808.0,1747.66,5,6
15215.0,734.94,3,47
12851.0,131.81,1,97
14335.0,454.86,2,16
14965.0,596.09,2,96
15136.0,1286.7,4,3
16629.0,408.63,2,74
18261.0,324.24,2,43
15307.0,205.3,1,96
16820.0,497.61,1,96
17309.0,82.75,1,95
13949.0,2427.32,6,3
14360.0,2118.03,4,32
16400.0,303.93,1,95
14208.0,151.74,1,95
12526.0,1316.66,3,1
13130.0,64.0,1,94
13210.0,353.48,1,94
17481.0,1255.59,4,4
12685.0,2863.08,6,28
17573.0,380.6,3,29
14452.0,259.05,2,11
13889.0,416.90000000000003,1,93
15488.0,91.32000000000001,1,93
18222.0,443.0,1,93
13244.0,121.74000000000001,1,93
17004.0,1312.1399999999999,2,46
13441.0,296.64,1,92
13823.0,957.66,2,19
12879.0,573.22,3,45
16603.0,482.47,2,75
14824.0,1127.71,4,10
16910.0,1508.96,8,4
15652.0,337.74,1,91
16362.0,709.99,5,32
15035.0,252.73000000000002,1,90
14508.0,268.05,2,22
13272.0,276.56,2,31
17317.0,2600.34,3,46
14212.0,1070.48,1,90
13372.0,378.64,1,90
18255.0,103.3,1,89
14250.0,1904.05,3,7
16796.0,305.62,1,89
14432.0,2248.5,6,10
15782.0,2614.7400000000002,3,10
12883.0,703.47,4,25
12965.0,769.8100000000001,1,89
15533.0,807.57,3,19
18215.0,299.34000000000003,1,89
18158.0,453.4,2,9
13375.0,778.65,1,89
13431.0,1269.1,2,67
16211.0,547.02,1,89
12884.0,309.05,1,88
16141.0,620.4,1,88
17919.0,1304.04,1,88
16360.0,3450.41,6,5
17433.0,303.15999999999997,1,88
13704.0,2308.06,9,5
14020.0,642.8,2,17
14359.0,912.18,3,19
16451.0,266.97,1,88
12940.0,899.69,2,55
15216.0,96.6,1,88
15522.0,397.99,2,33
17037.0,1267.32,1,88
12822.0,948.88,2,71
15343.0,364.5,1,87
14753.0,563.15,1,87
16959.0,117.35000000000001,1,87
18251.0,4314.72,1,87
13032.0,1010.18,2,52
12895.0,372.8,2,42
17640.0,621.66,1,87
13860.0,1245.9,5,1
12756.0,112.07999999999998,1,87
18001.0,415.13,2,12
17728.0,2876.01,3,4
15933.0,1107.46,3,21
14284.0,595.25,2,31
17347.0,228.96,1,86
15103.0,703.36,2,31
15707.0,916.98,4,35
13430.0,679.45,2,19
12566.0,351.65,1,86
13321.0,567.36,2,72
13877.0,117.24,1,86
15272.0,721.94,2,57
15322.0,679.68,1,86
17333.0,494.25,1,86
13518.0,627.16,1,86
14306.0,2093.32,2,51
17679.0,1992.1100000000001,2,53
16160.0,1025.44,2,65
15573.0,591.1899999999999,2,32
14894.0,655.75,1,85
17434.0,2373.82,7,2
15466.0,334.53,1,85
15511.0,900.53,5,12
17846.0,2033.1,1,85
16189.0,215.48,2,16
15417.0,508.8,1,85
12995.0,211.32,1,85
14557.0,788.38,1,85
16108.0,842.5,1,85
17144.0,984.57,2,1
16924.0,829.89,3,21
15099.0,410.48,1,84
13323.0,787.85,5,3
14124.0,419.58000000000004,1,84
15975.0,371.01,1,84
15523.0,412.01000000000005,1,84
16878.0,13.3,1,84
15947.0,1708.24,1,83
13247.0,501.12,4,18
13566.0,856.84,2,41
18194.0,973.8399999999999,1,82
16689.0,422.59999999999997,2,76
16438.0,798.35,5,6
13067.0,115.46000000000001,1,82
16460.0,811.23,3,28
13325.0,675.3,1,82
12640.0,1174.58,3,24
13774.0,345.0,1,82
12497.0,1043.1,1,82
12752.0,4366.78,1,81
15504.0,52.83,1,81
15500.0,1131.56,4,8
17557.0,541.46,3,14
13228.0,358.0,1,81
14356.0,701.23,2,80
13416.0,712.5,2,44
17628.0,75.75,1,81
16527.0,228.06,1,81
15341.0,2020.52,1,81
16215.0,242.35,1,81
14164.0,1631.77,2,71
15888.0,168.31,1,81
17564.0,454.01,3,24
13356.0,768.24,1,80
12390.0,549.84,1,80
18228.0,779.9,2,57
17415.0,507.84,1,80
13350.0,979.12,2,16
12550.0,964.83,1,79
16627.0,322.8,1,79
17475.0,194.37,1,79
14951.0,311.69,1,79
14780.0,447.68,2,55
14887.0,1862.0,1,79
15399.0,815.77,3,1
17466.0,763.28,2,10
16379.0,2157.4,4,4
17172.0,317.76,1,79
15239.0,780.59,2,10
16213.0,159.0,1,79
15603.0,48.480000000000004,1,79
14261.0,1163.45,2,51
12657.0,1643.18,4,11
15571.0,650.4300000000001,4,12
15484.0,3590.41,4,1
12936.0,1063.9,4,17
16236.0,432.2,1,78
16669.0,1348.88,3,24
17603.0,394.72,1,78
15398.0,1345.53,2,16
12906.0,2919.81,5,12
17079.0,118.80000000000001,1,78
14125.0,2720.63,3,11
17163.0,293.1,2,22
12952.0,1387.79,4,6
12579.0,440.42,1,78
13279.0,137.75,1,78
12425.0,777.2,1,78
16715.0,301.71999999999997,1,78
13519.0,122.75,1,78
12546.0,1161.5,2,47
15744.0,34.8,1,78
13127.0,259.17,1,78
15714.0,330.03000000000003,2,12
17480.0,511.82,1,78
15763.0,1086.92,2,32
15075.0,773.03,1,78
16978.0,344.33,1,78
14014.0,505.18,1,77
16240.0,3718.8,2,24
13336.0,795.12,1,77
14652.0,114.18,1,77
15807.0,903.9,3,50
15762.0,583.75,2,65
15475.0,454.10999999999996,1,77
15978.0,1098.78,1,77
16485.0,363.65,1,77
12488.0,1298.66,3,10
13083.0,303.75,2,4
16169.0,1822.97,4,8
17506.0,302.2,1,76
16480.0,769.29,1,76
17006.0,781.78,4,5
17498.0,272.22,1,76
17131.0,2463.17,5,5
13536.0,3444.39,7,1
15429.0,397.35,2,27
17154.0,329.34,1,75
16594.0,181.09,1,75
16049.0,1074.81,3,40
14757.0,420.5,1,75
16198.0,400.68100000000004,1,75
13670.0,349.7,1,75
18066.0,318.0,1,75
14806.0,193.39000000000001,1,75
12783.0,2225.91,6,2
13429.0,1006.8,4,11
15154.0,254.28,1,75
13390.0,544.08,1,75
12925.0,694.05,2,5
13927.0,348.99,1,75
18205.0,517.36,2,36
14908.0,277.8,1,74
13639.0,1033.34,1,74
15958.0,104.35,1,74
15492.0,659.4599999999999,2,28
15243.0,316.68,1,74
16468.0,74.9,1,74
15344.0,563.94,3,1
13866.0,145.67000000000002,1,74
12612.0,704.0400000000001,1,74
16999.0,484.82,2,23
13514.0,152.20000000000002,1,74
13314.0,775.94,3,2
17805.0,512.31,1,74
18278.0,173.9,1,74
13979.0,869.87,1,73
16181.0,305.54,1,73
15568.0,758.29,3,3
16354.0,395.8,2,63
14412.0,770.03,2,43
16119.0,423.36,2,8
14109.0,144.2,1,73
16157.0,656.69,3,16
15348.0,158.04,1,72
16281.0,2062.06,1,72
13924.0,1838.8500000000001,6,2
14434.0,1372.8,6,22
13061.0,248.61,1,72
17513.0,513.2,1,72
16909.0,379.14,1,72
16650.0,518.42,1,72
18192.0,957.97,1,72
17447.0,541.53,2,40
17427.0,100.8,1,72
15175.0,224.14,1,72
13960.0,230.22,2,21
17528.0,3628.5,8,1
16361.0,891.21,4,10
13886.0,243.56,1,71
13354.0,743.53,1,71
15050.0,1737.69,3,25
13503.0,216.85,1,71
16653.0,1212.66,2,16
16574.0,451.44,1,71
13759.0,659.4100000000001,2,33
17813.0,1698.07,5,14
12718.0,238.25,1,71
15949.0,364.72,2,17
12703.0,283.55,1,71
13364.0,134.95999999999998,1,71
16268.0,667.65,2,71
18053.0,300.02,1,71
16101.0,1290.7,1,71
15565.0,173.16,2,50
18217.0,621.75,2,29
13954.0,439.92,2,2
15593.0,199.8,1,71
13095.0,74.39999999999999,1,71
15287.0,486.69,2,22
13347.0,341.36,1,70
15185.0,310.62,1,70
16404.0,443.05,1,70
16613.0,618.59,1,70
16591.0,213.5,1,69
15774.0,270.8,1,69
13558.0,594.52,4,6
16930.0,378.89,3,26
16533.0,1082.81,3,19
18059.0,306.46,3,23
14488.0,1064.28,1,68
16747.0,836.06,2,38
14333.0,415.2,1,68
13635.0,1071.03,1,68
17330.0,363.9,2,23
17321.0,657.16,2,8
14815.0,778.5,2,37
15091.0,480.71,1,68
15088.0,1160.07,2,21
15930.0,426.63,1,67
16183.0,338.71000000000004,1,67
13297.0,2089.85,4,8
13801.0,324.8,1,67
16881.0,432.0,1,67
17014.0,583.4300000000001,3,8
15255.0,890.85,1,67
14184.0,452.89,1,67
13351.0,373.94,1,66
15739.0,449.12,1,66
12512.0,132.18,2,66
17957.0,111.68,1,66
15276.0,128.63,1,66
15127.0,406.53,1,66
16106.0,108.38,1,66
17666.0,728.16,2,4
13483.0,140.34,1,66
16478.0,331.0,3,25
17382.0,65.4,1,65
12789.0,91.85,1,65
16020.0,851.01,3,17
17222.0,328.65,1,65
16803.0,332.3,1,65
13947.0,90.6,1,65
16758.0,369.34000000000003,1,65
12719.0,644.95,2,5
17647.0,133.06,1,65
14054.0,92.46,1,65
12723.0,725.07,5,4
18033.0,93.82000000000001,1,65
13845.0,312.98,1,65
15837.0,391.98,1,65
12628.0,786.46,3,4
13177.0,282.45,1,65
14317.0,508.58000000000004,1,65
16295.0,1328.55,4,10
13602.0,428.89,1,65
16895.0,202.27,1,65
17295.0,547.0,3,29
13504.0,295.93,1,64
13422.0,2626.3,1,64
15264.0,393.74,1,64
16432.0,287.4,1,64
13816.0,571.6700000000001,2,24
14518.0,174.37,1,64
13882.0,1191.13,5,3
15937.0,145.35,1,64
12923.0,172.82,1,64
16454.0,6.9,2,45
17453.0,486.71999999999997,2,18
15766.0,315.06,1,64
15300.0,496.44,1,64
13348.0,233.76,1,64
14592.0,557.94,3,35
17030.0,146.87,1,64
12420.0,600.39,1,64
14427.0,363.34000000000003,2,50
14792.0,6.2,1,64
12519.0,330.84,1,64
13359.0,439.56,1,64
14138.0,965.8800000000001,2,2
15297.0,641.94,3,10
13876.0,122.7,1,64
12740.0,427.6,1,64
17086.0,2050.08,6,7
13806.0,256.38,1,64
18096.0,849.06,3,12
13587.0,712.4,1,64
12856.0,2170.78,6,8
13419.0,221.06,1,64
17509.0,6083.64,8,58
16900.0,887.11,3,17
13689.0,910.0,1,63
13763.0,1714.96,1,63
13755.0,2108.06,9,4
16104.0,298.21,1,62
13259.0,283.18,1,62
16248.0,152.94,1,62
15612.0,195.15,2,36
15787.0,933.26,3,26
16595.0,360.16,1,61
13260.0,557.62,1,61
15821.0,570.96,2,44
18088.0,166.03,1,61
16685.0,324.24,2,61
13193.0,112.08,1,61
13212.0,786.83,3,20
14801.0,189.34,1,61
16380.0,1743.1499999999999,1,61
16921.0,154.18,1,61
15193.0,499.32,1,61
14027.0,104.82,1,61
16179.0,215.83,1,61
15473.0,1771.2,7,14
17425.0,759.17,2,19
18169.0,202.65,1,61
18126.0,200.92000000000002,1,61
16688.0,1260.86,4,1
16982.0,384.06,1,61
15330.0,714.96,2,32
17186.0,144.0,2,47
13685.0,3119.44,7,3
16776.0,371.54,1,60
13980.0,200.14,1,60
13352.0,397.97999999999996,1,60
15553.0,428.93,1,60
15886.0,181.09,1,60
17203.0,3560.08,6,36
12607.0,1579.51,1,60
17459.0,657.3,2,43
12772.0,892.47,1,60
16561.0,511.12,2,6
14121.0,2780.15,4,4
12371.0,1887.96,2,45
17119.0,606.91,2,3
17620.0,81.44,1,60
12824.0,397.12,1,60
14710.0,599.48,4,14
16120.0,1309.14,4,59
14624.0,225.85,2,57
16171.0,73.2,1,59
12536.0,12601.830000000002,3,43
13690.0,172.25,1,59
17934.0,704.25,2,52
14642.0,96.12,1,59
12602.0,153.12,1,59
16753.0,223.92000000000002,1,58
17737.0,168.24,2,9
13464.0,674.68,1,58
18277.0,110.38,1,58
12667.0,620.13,1,58
12498.0,403.70000000000005,3,21
14537.0,355.56,1,58
17279.0,187.82999999999998,1,58
14251.0,2879.7000000000003,5,2
12446.0,1002.3100000000001,1,58
12631.0,640.5,1,57
14234.0,754.12,4,22
14975.0,279.94,1,57
13853.0,1090.14,1,57
16773.0,171.59,1,57
16430.0,300.85,1,57
16793.0,243.84,1,57
18130.0,1059.39,3,15
17614.0,386.32,1,57
13858.0,216.17,1,57
14856.0,1290.53,3,36
14089.0,158.75,1,57
15478.0,1399.92,2,40
16413.0,262.2,1,57
13810.0,1499.01,3,29
16416.0,1051.4,3,27
13006.0,81.57,1,56
17986.0,20.8,1,56
12454.0,3528.34,1,56
14910.0,434.35,4,3
16243.0,409.1,2,34
13878.0,1271.57,1,55
16934.0,931.03,2,55
15994.0,414.27,1,55
14547.0,3974.75,8,4
16052.0,362.06,1,54
15113.0,3509.43,3,10
12475.0,723.38,1,54
16542.0,119.62,1,54
18042.0,165.04999999999998,1,54
16563.0,1077.74,1,54
17201.0,289.78,1,54
17520.0,546.81,1,54
13923.0,351.13,1,54
16412.0,135.99,1,54
17205.0,384.08,1,54
17534.0,223.36,1,54
15335.0,170.22,1,54
16737.0,417.59999999999997,1,53
15066.0,893.59,1,53
17206.0,204.24,1,53
17785.0,131.94,1,53
16932.0,150.23000000000002,1,53
16363.0,109.36000000000001,1,53
14830.0,188.88,1,53
17244.0,954.9,1,53
15355.0,277.05,2,29
15598.0,240.68,1,53
15637.0,223.36,1,53
16848.0,281.42,1,53
15678.0,352.7,1,53
14015.0,917.34,1,53
13594.0,396.97,1,53
15327.0,208.75,1,53
14861.0,125.79,1,52
14554.0,2279.4900000000002,4,10
12611.0,1193.32,1,52
14179.0,701.57,2,41
12863.0,521.2,1,52
15604.0,216.39,1,52
14381.0,202.68,1,52
12572.0,1020.42,2,9
16123.0,307.78,1,52
16851.0,342.45,3,4
17148.0,124.88,1,52
17549.0,148.86,2,24
17973.0,337.04,1,52
15610.0,112.46000000000001,1,52
15853.0,110.8,1,52
18019.0,38.45,1,52
14698.0,1217.27,5,2
15468.0,467.51,2,51
16826.0,341.7,1,51
17824.0,298.4,1,51
12522.0,192.72,2,39
15803.0,415.82000000000005,1,51
15006.0,480.38,1,51
17350.0,1281.32,4,8
14799.0,157.7,1,51
15814.0,1945.33,4,17
16260.0,1035.45,1,51
14638.0,443.6,1,51
17354.0,1393.06,1,51
15664.0,386.43,1,51
13245.0,430.5,1,51
14923.0,749.1,1,51
16177.0,331.95,1,50
13366.0,56.160000000000004,1,50
16284.0,812.68,2,31
16846.0,214.32,1,50
14484.0,321.92,1,50
13897.0,311.16,1,50
14585.0,157.05,1,50
17125.0,230.5,1,50
15836.0,137.37,1,50
16313.0,274.15000000000003,2,3
13460.0,183.44,2,29
12403.0,427.7,1,50
14967.0,463.8,1,50
15286.0,240.55,1,50
17832.0,155.37,1,50
12646.0,1346.97,2,5
16015.0,704.55,3,4
16311.0,616.26,2,18
15740.0,154.88,1,49
13974.0,413.59000000000003,1,49
15677.0,657.23,1,49
15000.0,490.52,1,48
16017.0,211.88,1,47
13471.0,2501.84,4,1
13598.0,160.04,1,47
18005.0,226.47,2,4
15427.0,1430.54,3,33
15022.0,852.39,4,12
17111.0,231.61,1,47
17836.0,110.21000000000001,1,47
14629.0,955.26,2,4
15592.0,388.58,1,47
15277.0,255.89999999999998,1,47
16491.0,731.5,1,47
15516.0,62.43,3,45
14764.0,278.3,1,47
16742.0,464.9,1,47
15142.0,498.74,1,46
17344.0,157.62,1,46
18240.0,422.58,1,46
17081.0,288.91,2,25
14474.0,547.66,1,46
14139.0,415.82,1,46
15844.0,130.73999999999998,1,46
13176.0,481.49,1,46
12398.0,1635.6599999999999,1,46
15345.0,393.54,1,46
16708.0,656.63,1,46
15963.0,470.76,2,20
18045.0,178.34,1,45
13182.0,121.18,1,45
15158.0,401.40000000000003,1,45
13028.0,661.3199999999999,2,23
13978.0,196.79000000000002,2,15
16056.0,650.75,1,45
12812.0,229.64000000000001,1,45
16071.0,326.24,1,45
14539.0,537.48,2,16
14550.0,757.37,2,11
17712.0,522.91,1,45
14102.0,1105.8799999999999,5,5
14598.0,221.97,1,44
15320.0,267.13,1,44
16415.0,200.27,1,44
12448.0,449.45,1,44
12827.0,430.15000000000003,3,6
16345.0,565.46,1,44
15993.0,2777.67,7,9
17895.0,95.45,1,44
15948.0,955.24,2,8
15659.0,306.45,1,44
18154.0,399.19,2,3
12630.0,1270.88,2,10
13363.0,992.5,2,18
18276.0,335.86,1,44
17684.0,239.41,1,44
17878.0,379.45,1,44
14752.0,389.64,1,44
16847.0,193.44,1,43
14971.0,1097.98,3,35
17545.0,642.32,3,43
16026.0,236.09,1,43
16513.0,874.59,4,5
12430.0,256.4,1,43
14357.0,225.12,1,43
16855.0,328.4,2,24
16680.0,183.7,1,43
18035.0,713.89,3,36
16648.0,290.65999999999997,1,43
16164.0,822.48,3,17
14218.0,169.48000000000002,1,43
15096.0,219.39000000000001,1,43
18030.0,230.64999999999998,2,4
14416.0,490.22,2,22
17839.0,318.15,1,42
16601.0,242.7,1,41
12912.0,1662.3,5,3
13278.0,542.73,1,41
14582.0,114.11,1,41
15748.0,144.36,1,40
16079.0,1352.0,3,17
17590.0,1468.02,3,2
15054.0,302.1,2,12
14158.0,507.66,1,40
15385.0,316.88,1,40
16506.0,90.30000000000001,2,20
14295.0,166.20000000000002,1,40
13822.0,632.0,2,6
18067.0,396.33,1,40
16190.0,215.08,1,40
15444.0,1411.21,2,9
13607.0,675.51,1,40
12581.0,197.71,1,40
15360.0,427.93,1,40
13103.0,243.94,1,40
15667.0,301.32,1,40
13651.0,94.2,2,35
12552.0,437.82,2,39
16127.0,656.25,1,39
12588.0,214.89999999999998,1,39
15977.0,1054.73,2,17
13697.0,151.29999999999998,1,39
14345.0,108.97999999999999,1,39
17503.0,558.96,2,3
16830.0,325.91,1,39
17495.0,497.56,2,8
12491.0,460.40000000000003,1,39
14485.0,162.8,1,39
13868.0,3192.54,2,7
15423.0,43.5,1,38
17668.0,347.75,2,1
16971.0,357.21,1,38
16352.0,494.44,2,18
16884.0,429.84000000000003,2,38
15830.0,576.0,1,38
14216.0,1839.3,4,3
15275.0,615.14,1,38
16790.0,1545.6200000000001,6,4
15576.0,921.37,1,38
18105.0,113.48000000000002,1,38
18164.0,399.65000000000003,1,37
14974.0,89.94,1,37
17947.0,176.68,1,37
13318.0,640.76,3,1
18104.0,754.64,1,37
13271.0,211.49,1,37
17595.0,386.69,2,12
14528.0,364.21999999999997,1,37
17432.0,365.76,2,18
16337.0,151.05,1,37
14098.0,147.35,1,37
15551.0,436.06,1,37
16347.0,847.45,2,11
13721.0,524.14,1,36
16322.0,326.75,2,1
17403.0,263.92,1,36
16914.0,183.76,1,36
16602.0,528.08,1,36
12544.0,372.7,1,36
13914.0,626.45,2,12
13467.0,1071.91,2,11
17221.0,334.48,2,7
17078.0,378.2,2,36
13447.0,1129.14,3,23
15010.0,308.94,1,36
18022.0,612.72,1,36
16318.0,328.15,1,35
17274.0,107.82,1,35
15597.0,324.57,1,35
17233.0,190.88,1,35
16887.0,192.32999999999998,1,35
13938.0,71.66,1,35
17084.0,2747.9900000000002,2,35
14882.0,589.7,2,27
15017.0,125.58,1,34
12882.0,1463.04,2,9
17387.0,746.81,2,20
13727.0,333.48,2,29
13532.0,210.31,1,34
16445.0,230.51,1,34
15156.0,961.49,3,1
16372.0,355.73,2,33
17608.0,191.99,2,33
12638.0,671.69,1,33
14174.0,134.46,1,33
14039.0,152.2,1,33
13040.0,676.99,2,9
15883.0,396.48,2,2
14664.0,636.24,2,20
15526.0,148.44,2,33
17831.0,35.400000000000006,1,33
15025.0,361.96,1,33
12357.0,6207.67,1,33
17761.0,712.78,1,33
15870.0,351.44,1,33
14080.0,45.599999999999994,1,33
17623.0,527.0500000000001,1,33
13673.0,387.44,2,19
14073.0,151.04,1,32
16070.0,852.15,2,22
13066.0,470.8,2,24
14929.0,223.88,1,32
13710.0,180.48,1,32
16732.0,603.75,1,32
14140.0,935.05,2,4
17219.0,114.23,1,32
16505.0,777.6,1,32
15957.0,428.89,1,32
18123.0,574.4399999999999,2,24
15043.0,537.0,1,31
17313.0,2328.84,1,31
18216.0,481.75,1,31
17022.0,71.0,1,31
15153.0,329.25,1,31
16759.0,789.79,3,8
16751.0,1764.72,1,31
12893.0,176.55,1,31
14836.0,102.44999999999999,3,10
17011.0,270.9,1,30
12532.0,349.83000000000004,1,30
17038.0,112.4,1,30
14968.0,147.59,1,30
12504.0,482.04999999999995,2,18
16516.0,101.69999999999999,1,30
13522.0,125.80000000000001,1,30
15986.0,168.12,1,30
13992.0,76.8,1,30
14354.0,163.62,2,6
16986.0,1873.2,2,30
16953.0,20.8,1,30
18274.0,175.92,1,30
15450.0,429.84,1,30
15531.0,1972.39,2,8
17500.0,1138.0,3,17
17197.0,1013.01,1,30
16025.0,439.65999999999997,1,30
12659.0,91.68,1,30
17461.0,735.82,3,23
17791.0,106.1,1,30
15463.0,126.14,1,29
17977.0,288.14,1,29
12617.0,352.98,1,29
14863.0,266.76,1,29
16903.0,363.2,1,29
12508.0,397.88,2,26
17502.0,689.1,4,9
12538.0,363.95,1,29
17901.0,110.38,1,29
14789.0,197.64,1,29
18209.0,139.10000000000002,1,29
12985.0,1239.38,2,1
15557.0,468.91,1,29
16433.0,184.26,1,28
15692.0,191.04,1,28
17052.0,399.09,1,28
16368.0,479.91,2,2
18014.0,162.22,1,28
13732.0,491.86,1,28
13091.0,345.82,1,28
14661.0,107.95,1,27
13170.0,108.81,1,27
15654.0,922.53,2,9
13146.0,228.91,1,26
14788.0,679.4399999999999,2,7
13603.0,164.34,1,26
14382.0,615.49,1,26
16720.0,152.95,1,26
14904.0,1025.44,2,2
14494.0,139.56,1,26
14902.0,332.66,1,26
16936.0,261.9,1,26
12938.0,114.14,1,26
15168.0,106.56,1,26
17538.0,98.42,1,26
18082.0,680.84,1,26
18117.0,315.65,1,26
15458.0,161.64,1,25
17566.0,869.77,2,8
16207.0,394.38,1,25
12762.0,1898.52,2,8
17793.0,300.34,1,25
17044.0,948.48,1,25
14953.0,285.67,1,25
16504.0,465.88,1,25
12374.0,742.9300000000001,1,25
15009.0,1259.43,3,12
16423.0,346.12,1,25
15419.0,135.86,1,25
17510.0,308.48,1,25
15758.0,205.25,1,25
15524.0,440.0,1,25
14725.0,655.58,1,25
14666.0,195.25,1,24
14714.0,160.19,1,24
17153.0,213.78,1,24
12950.0,1843.0,3,2
15720.0,598.73,1,24
18181.0,366.85,1,24
15556.0,279.77,1,24
17357.0,384.39,2,24
12890.0,376.71999999999997,1,24
13449.0,291.88,1,24
15269.0,408.8,1,24
14385.0,202.11,3,9
15900.0,337.28,1,24
17680.0,184.4,1,24
13926.0,223.85000000000002,1,23
16204.0,384.18,1,23
17896.0,256.32,1,23
17835.0,342.24,3,3
15432.0,171.19,1,23
18006.0,444.68,1,23
15657.0,30.0,1,23
17237.0,314.69,2,11
13160.0,91.8,1,22
12847.0,843.64,1,22
17397.0,681.41,2,22
17985.0,631.35,1,22
14362.0,151.5,1,22
13828.0,209.49,1,22
15435.0,149.29,1,22
12445.0,133.4,1,22
12603.0,739.1999999999999,1,22
14641.0,110.46,1,22
12618.0,177.31,1,22
15621.0,1293.03,4,4
12391.0,439.66,1,22
18034.0,418.68,2,22
17286.0,151.37,1,22
17904.0,181.07,1,21
17301.0,163.24,1,21
15368.0,446.94000000000005,1,21
14793.0,228.99,1,21
17650.0,166.08,1,21
12702.0,219.0,1,20
14881.0,255.4,1,20
16784.0,107.6,1,20
14052.0,225.36,1,20
18110.0,198.8,1,20
17561.0,165.12,1,19
15988.0,156.78,1,19
17523.0,652.74,4,11
14950.0,371.2,1,19
16666.0,118.98,1,19
14860.0,170.32,1,19
17636.0,285.56,1,19
13832.0,52.199999999999996,1,19
13142.0,307.09,1,19
16366.0,327.3,1,19
14300.0,43.2,1,19
12349.0,1757.55,1,19
12658.0,686.05,1,19
12795.0,430.48,1,19
15567.0,186.01,1,19
15645.0,612.01,1,19
16406.0,154.35,1,19
15857.0,297.0,1,19
12984.0,97.5,1,19
17253.0,178.26,1,18
13739.0,216.9,1,18
18139.0,8438.34,6,18
15274.0,716.57,2,4
17010.0,195.36,1,18
15115.0,340.11,1,18
17100.0,971.74,2,18
15699.0,309.65,1,18
13403.0,75.0,1,18
16956.0,308.74,1,18
17600.0,161.67000000000002,1,18
15877.0,490.33,2,2
14424.0,322.08,1,18
13322.0,199.48000000000002,1,17
17297.0,128.18,1,17
13986.0,320.46,1,17
12920.0,162.78,1,17
18249.0,95.34,1,17
12586.0,196.94000000000003,1,17
15634.0,243.55,1,17
16376.0,974.96,2,9
16811.0,547.07,2,5
12452.0,430.57,2,17
14581.0,138.6,1,17
14675.0,596.36,1,16
18084.0,90.47999999999999,1,16
17290.0,513.01,2,4
16343.0,328.58,2,16
13638.0,122.64,1,16
16482.0,220.62,1,16
12784.0,532.8199999999999,2,9
17458.0,316.5,1,15
14785.0,77.4,2,10
17254.0,271.19,2,5
17767.0,271.2,1,15
15725.0,415.25,1,15
17247.0,280.09000000000003,1,15
18184.0,49.8,1,15
15428.0,93.78,1,15
17727.0,1060.25,1,15
14756.0,738.96,1,15
16856.0,35.400000000000006,1,15
14703.0,318.17,1,15
17385.0,256.11,1,15
12531.0,125.22,1,15
15872.0,316.25,2,15
14966.0,183.02,1,15
17232.0,417.77,2,3
17468.0,137.0,2,10
13332.0,350.9,1,14
14946.0,100.9,1,14
13256.0,0.0,1,14
13596.0,664.11,2,6
16024.0,251.03,1,12
14954.0,294.85,1,12
17885.0,156.34,1,12
14093.0,433.86,1,12
14893.0,1237.8500000000001,2,10
15721.0,471.40000000000003,1,12
17852.0,114.34,2,12
13844.0,361.62,1,11
12479.0,527.2,1,11
12660.0,245.1,1,11
15540.0,213.3,1,11
17379.0,389.71999999999997,1,11
16800.0,1162.65,1,11
17806.0,546.04,1,11
17359.0,127.86,1,11
13188.0,114.60000000000001,1,11
14480.0,279.05,1,11
13349.0,247.32,1,11
15619.0,336.40000000000003,1,11
15148.0,301.29,1,11
14601.0,213.96,1,11
15783.0,246.3,1,11
17772.0,173.45,2,11
14126.0,706.1300000000001,3,8
16479.0,300.83,2,10
13428.0,201.78,1,10
15790.0,218.75,1,10
13521.0,1071.73,3,1
14349.0,133.5,1,10
18058.0,170.16,1,10
12953.0,329.85,1,10
12966.0,160.18,1,10
15060.0,294.25,4,8
17911.0,366.23,1,9
14804.0,353.27,1,9
15904.0,164.68,1,8
16789.0,80.8,1,8
12558.0,269.96,1,8
17942.0,77.50000000000001,1,8
12587.0,144.0,1,8
13560.0,171.42000000000002,1,7
15539.0,538.46,1,7
13017.0,204.0,1,7
18174.0,104.0,1,7
13153.0,486.22,1,6
15773.0,635.6800000000001,1,6
17936.0,380.13,1,5
16535.0,593.75,1,5
16988.0,126.12,1,5
15097.0,248.08,1,4
18015.0,120.03,1,4
16597.0,90.04,1,4
13790.0,348.8,1,4
14219.0,89.94,1,4
12367.0,168.9,1,4
17383.0,193.39000000000001,1,4
12478.0,680.99,1,4
15992.0,41.989999999999995,1,4
15318.0,312.62,1,4
17914.0,329.36,1,4
16528.0,244.41,1,4
12442.0,172.06,1,3
16569.0,124.2,1,3
12650.0,314.44,1,3
14578.0,168.63,1,3
16000.0,12393.7,3,3
15195.0,3861.0,1,3
14087.0,191.47,1,3
14204.0,150.61,1,2
15471.0,454.48,1,2
13436.0,196.89,1,2
15520.0,343.5,1,2
13298.0,360.0,1,1
14569.0,227.39,1,1
12713.0,848.55,1,1
